Subject/Category,Course Name,Course code,Credit Hours,Course_level,Prerequisite,Corequisite,Offered,Description,Major Applicable to,Requirement_type
ACC - Accounting,Principles of Accounting I,ACC 230,3,200,MATH 101,None,,,,
ACC - Accounting,Principles of Accounting II,ACC 240,3,200,ACC 230,None,,,,
ACC - Accounting,Cost Accounting and Control,ACC 300,3,300,ACC 310,None,,,,
ACC - Accounting,Intermediate Financial Accounting I,ACC 310,3,300,ACC 240,None,,,,
ACC - Accounting,Intermediate Financial Accounting II,ACC 320,3,300,ACC 310,None,,,,
ACC - Accounting,Federal  Taxation I ,ACC 330,3,300,ACC 230,None,,,,
ACC - Accounting,Accounting Information Systems,ACC 350,3,300,"ACC 240, BAD 110",None,,,,
ACC - Accounting,Advanced Accounting,ACC 410,3,400,ACC 320,None,,,,
ACC - Accounting,Accounting Seminar,ACC 420,3,400,Instructor Permission,None,,,,
ACC - Accounting,Federal Taxation II,ACC 430,3,400,ACC 240,None,,,,
ACC - Accounting,Auditing,ACC 440,3,400,ACC 320,None,,,,
AERO - Aerospace,Foundations of the U.S Air Force,AERO 1012,1,100,None,None,,,,
AERO - Aerospace,Leadership Laboratory,AERO 1013L,1,100,None,None,,,,
AERO - Aerospace,Air Power History,AERO 2012,1,200,None,None,,,,
AERO - Aerospace,Leadership Laboratory II,AERO-2013L,1,200,None,None,,,,
AERO - Aerospace,Air Force Leadership Studies ,AERO 3515,3,300,None,None,,,,
AERO - Aerospace,Leadership Laboratory III,AERO-3516L,1,300,None,None,,,,
AERO - Aerospace,National Security Affairs - Preparing for Active Duty,AERO 4515,3,400,None,None,,,,
AERO - Aerospace,Leadership Laboratory IV,AERO-4516L,1,400,None,None,,,,
ART - Art,Life Drawing and Composition,ART 101,3,100,None,None,Fall,,,
ART - Art,Life Drawing and Composition,ART 102,3,100,ART 101,None,,,,
ART - Art,Elementary Design,ART 111,3,100,None,None,,,,
ART - Art,Intermediate Design,ART 112,3,100,None,None,,,,
ART - Art,Color Fundamentals ,ART 115,3,100,None,None,,Distribution: Studio,,
ART - Art,Methods and Materials of Painting I,ART 201,3,200,None,None,,,,
ART - Art,Methods and Materials of Painting II,ART 202,3,200,None,None,,,,
ART - Art,Arts and Ideas I,ART 207,3,200,None,None,,,,
ART - Art,Arts and Ideas II,ART 208,3,200,None,None,,,,
ART - Art,Ceramics I ,ART 213,3,200,None,None,,,,
ART - Art,Ceramics II,ART 214,3,200,None,None,,,,
ART - Art,Photography I ,ART 215,3,200,None,None,,,,
ART - Art,Photography II,ART 216,3,200,None,None,,,,
ART - Art,Printmaking I,ART 227,3,200,None,None,,,,
ART - Art,Printmaking II,ART 228,3,200,None,None,,,,
ART - Art,Women and the Arts ,ART 250,3,200,None,None,,,,
ART - Art,African American Art,ART 291,3,200,None,None,,,,
ART - Art,African Art,ART 292,3,200,None,None,,,,
ART - Art,Sculpture I ,ART 301,3,300,None,None,,,,
ART - Art,Sculpture II,ART 302,3,300,None,None,,,,
ART - Art,Independent Study,ART 400,3,400,None,None,,,,
ART - Art,Senior Portfolio,ART 401,3,400,None,None,,,,
ART - Art,Senior Portfolio,ART 402,3,400,None,None,,,,
BAD - Business Administration,Business Information Systems,BAD 110,3,100,None,None,,,,
BAD - Business Administration,Applied Calculus,BAD 200,3,200,MATH 110,None,,,,
BAD - Business Administration,Business Law,BAD 220,3,200,None,None,,,,
BAD - Business Administration,Business Ethics,BAD 230,3,200,None,None,,,,
BAD - Business Administration,Business Communications,BAD 250,3,200,"CORE 150, ENG 275 or HIS 270 or HIS 180",None,,,,
BAD - Business Administration,Applied Statistics,BAD 260,3,200,MATH 101,None,,,,
BAD - Business Administration,Marketing,BAD 320,3,300,ECON 230,None,,,,
BAD - Business Administration,Internship Seminar,BAD 399,3,300,None,None,,,,
BAD - Business Administration,Business Policy,BAD 490,3,400,None,None,,,,
BIOL - Biology,General Biology I,BIOL 101,3,100,None,BIOL 101L,,,,
BIOL - Biology,General Biology I Lab,BIOL 101L,1,100,None,BIOL 101,,,,
BIOL - Biology,General Biology II,BIOL 102,3,100,"BIOL 101, BIOL 101L",BIOL 102L,,,,
BIOL - Biology,General Biology II Lab,BIOL 102L,1,100,"BIOL 101, BIOL 101L",BIOL 102,,,,
BIOL - Biology,Zoological Histology,BIOL 212,3,200,"BIOL 101, BIOL 101L",BIOL 212L,,,,
BIOL - Biology,Zoological Histology Lab,BIOL 212L,1,200,"BIOL 101, BIOL 101L",BIOL 212,,,,
BIOL - Biology,Zoological Histology,BIOL 220,3,200,"BIOL 101, BIOL 101L",BIOL 220L,,,,
BIOL - Biology,Zoological Histology Lab,BIOL 220L,1,200,"BIOL 101, BIOL 101L",BIOL 220,,,,
BIOL - Biology,Human Anatomy and Physiology I,BIOL 221,3,200,"BIOL 101, BIOL 101L",BIOL 221L,,,,
BIOL - Biology,Human Anatomy and Physiology I Lab,BIOL 221L,1,200,"BIOL 101, BIOL 101L",BIOL 221,,,,
BIOL - Biology,Human Anatomy and Physiology II,BIOL 222,3,200,"BIOL 221, BIOL 221L",BIOL 222L,,,,
BIOL - Biology,Human Anatomy and Physiology II Lab ,BIOL 222L,1,200,"BIOL 221, BIOL 221L",BIOL 222,,,,
BIOL - Biology,Environmental Biology ,BIOL 242,3,200,"BIOL 101, BIOL 101L",BIOL 242L,,,,
BIOL - Biology,Environmental Biology Lab,BIOL 242L,1,200,"BIOL 101, BIOL 101L",BIOL 242,,,,
BIOL - Biology,Vertebrate Biology: Anatomy,BIOL 255,3,200,"BIOL 101, BIOL 101L",BIOL 255L,,,,
BIOL - Biology,Vertebrate Biology: Anatomy Lab,BIOL 255L,1,200,"BIOL 101, BIOL 101L",BIOL 255,,,,
BIOL - Biology,Vertebrate Biology: Development,BIOL 256,3,200,"BIOL 101, BIOL 101L",BIOL 256L,,,,
BIOL - Biology,Vertebrate Biology: Development Lab,BIOL 256L,1,200,"BIOL 101, BIOL 101L",BIOL 256,,,,
BIOL - Biology,Microbiology,BIOL 270,3,200,"BIOL 101, BIOL 101L, CHEM 203, CHEM 233",,,,,
BIOL - Biology,Microbiology Lab,BIOL 270L,1,200,"BIOL 101, BIOL 101L, CHEM 203, CHEM 234",BIOL 270,,,,
BIOL - Biology,Mathematical Modeling of Biological Systems,BIOL 280,3,200,None,None,,,,
BIOL - Biology,Bioinformatics I,BIOL 285,3,200,None,None,,,,
BIOL - Biology,Bioinformatics I Lab,BIOL 285L,1,200,None,None,,,,
BIOL - Biology,Practical Tools for Bioinformatics,BIOL 286,3,200,"MATH 110, BIOL 101, BIOL 102",,,,,
BIOL - Biology,Practical Tools for Bioinformatics Lab,BIOL 286L,1,200,"MATH 110, BIOL 101, BIOL 103",BIOL 286L,,,,
BIOL - Biology,Undergraduate Research ,BIOL 290,1 to 3,200,None,None,,,,
BIOL - Biology,Undergraduate Research ,BIOL 291,1 to 3,200,None,None,,,,
BIOL - Biology,Undergraduate Research ,BIOL 292,1 to 3,200,None,None,,,,
BIOL - Biology,Undergraduate Research ,BIOL 293,1 to 3,200,None,None,,,,
BIOL - Biology,Genetic Principles,BIOL 305,3,300,"BIOL 101, BIOL 101L, CHEM 203, CHEM 233",,,,,
BIOL - Biology,Genetic Principles Lab,BIOL 305L,1,300,"BIOL 101, BIOL 101L, CHEM 203, CHEM 234",BIOL 305,,,,
BIOL - Biology,Molecular Plant Biology ,BIOL 313,3,300,"BIOL 102, BIOL 102L, CHEM 234, CHEM 204",,,,,
BIOL - Biology,Molecular Plant Biology Lab,BIOL 313L,1,300,"BIOL 102, BIOL 102L, CHEM 234, CHEM 205",BIOL 313,,,,
BIOL - Biology,Molecular Cell Biology I,BIOL 343,3,300,"BIOL 305, BIOL 313, CHEM 234",,,,,
BIOL - Biology,Molecular Cell Biology I Lab,BIOL 343L,1,300,"BIOL 305, BIOL 313, CHEM 235",BIOL 343,,,,
BIOL - Biology,Molecular Cell Biology II,BIOL 344,3,300,"BIOL 343, BIOL 305, BIOL 313, BIOL 343",,,,,
BIOL - Biology,Molecular Cell Biology II Lab,BIOL 344L,1,300,"BIOL 343, BIOL 305, BIOL 313, BIOL 344",BIOL 344,,,,
BIOL - Biology,Genetic Principles,BIOL 350,3,300,"BIOL 101, BIOL 101L, CHEM 233, CHEM 203",BIOL 350L,,,,
BIOL - Biology,Genetic Principles Lab,BIOL 350L,1,300,,BIOL 350,,,,
BIOL - Biology,Molecular Cell Biology,BIOL 360,3,300,"BIOL 350, BIOL 350L",BIOL 360L,,,,
BIOL - Biology,Molecular Cell Biology Lab,BIOL 360L,1,300,"BIOL 350, BIOL 350L",BIOL 360,,,,
BIOL - Biology,Introduction to Cancer Biology,BIOL 370,3,300,None,BIOL 370L,Spring,,,
BIOL - Biology,Introduction to Cancer Biology Lab,BIOL 370L,1,300,None,BIOL 370,Spring,,,
BIOL - Biology,Special Problems in Biology,BIOL 390,3,300,None,None,,,,
BIOL - Biology,Special Problems in Biology Honors,BIOL 390H,3,300,Honors with 3.0 GPA,None,,,,
BIOL - Biology,Undergraduate Research ,BIOL 391, 1 to 3,300,None,None,,,,
BIOL - Biology,Undergraduate Research ,BIOL 392,1 to 3,300,None,None,,,,
BIOL - Biology,Undergraduate Research ,BIOL 393,1 to 3,300,None,None,,,,
BIOL - Biology,Undergraduate Research ,BIOL 394,1 to 3,300,None,None,,,,
BIOL - Biology,Molecular Methods,BIOL 410,3,400,"BIOL 313, BIOL 313L or NSCI 361, NSCI 361L",BIOL 410L,,,,
BIOL - Biology,Molecular Methods Lab,BIOL 410L,1,400,"BIOL 313, BIOL 313L or NSCI 361, NSCI 361L",BIOL 410,,,,
BIOL - Biology,Introduction to Neurobiology,BIOL 420,3,400,"BIOL 221, BIOL 222, or Instructor Permission",BIOL 420L,,,,
BIOL - Biology,Introduction to Neurobiology Lab,BIOL 420L,1,400,"BIOL 221, BIOL 222, or Instructor Permission",BIOL 420,,,,
BIOL - Biology,Essential Developmental Biology,BIOL 440,3,400,"BIOL 101, BIOL 360 or BIOL 410",BIOL 440L,,,,
BIOL - Biology,Essential Developmental Biology Lab,BIOL 440L,1,400,"BIOL 101, BIOL 360 or BIOL 410",BIOL 440,,,,
BIOL - Biology,"Brain, Behavior and Neuropharmacology",BIOL 450,3,400,"BIOL 420, BIOL 420L",BIOL 450L,,,,
BIOL - Biology,"Brain, Behavior and Neuropharmacology Lab",BIOL 450L,1,400,"BIOL 420, BIOL 420L",BIOL 450,,,,
BIOL - Biology,Senior Seminar ,BIOL 497,1,400,None,None,,,,
BIOL - Biology,Senior Seminar,BIOL 498,1,400,None,None,,,,
CHEM - Chemistry,Experiments in General Chemistry I,CHEM 103,1,100,None,CHEM 113,,,,
CHEM - Chemistry,Experiments in General Chemistry II,CHEM 104,1,100,"CHEM 103, CHEM 113",CHEM 114,,,,
CHEM - Chemistry,General Chemistry I,CHEM 113,3,100,None,CHEM 103,,,,
CHEM - Chemistry,General Chemistry II,CHEM 114,3,100,"CHEM 103, CHEM 113",CHEM 104,,,,
CHEM - Chemistry,Experiments in Organic Chemistry I,CHEM 203,1,200,None,CHEM 233,,,,
CHEM - Chemistry,Experiments in Organic Chemistry II,CHEM 204,1,200,"CHEM 203, CHEM 233",CHEM 234,,,,
CHEM - Chemistry,Experiments in Organic and Analytical Chemistry,CHEM 206,2,200,"CHEM 233, CHEM 234",None,,,,
CHEM - Chemistry,Organic Chemistry I,CHEM 233,3,200,"CHEM 114, CHEM 104",CHEM 203,,,,
CHEM - Chemistry,Organic Chemistry II,CHEM 234,3,200,"CHEM 233, CHEM 234",CHEM 204 or CHEM 206,,,,
CHEM - Chemistry,Inorganic Chemistry ,CHEM 316,3,300,CHEM 342,None,,,,
CHEM - Chemistry,Physical Chemistry I,CHEM 341,3,300,"CHEM 114, MATH 120",CHEM 341L,,,,
CHEM - Chemistry,Physical Chemistry I Laboratory,CHEM 341L,1,300,"CHEM 114, MATH 120",CHEM 341,,,,
CHEM - Chemistry,Physical Chemistry II,CHEM 342,3,300,CHEM 341,CHEM 342L,,,,
CHEM - Chemistry,Physical Chemistry II Laboratory,CHEM 342L,1,300,CHEM 341,CHEM 342,,,,
CHEM - Chemistry,Senior Research I,CHEM 355,3,300,None,None,,,,
CHEM - Chemistry,Senior Research II,CHEM 356,3,300,None,None,,,,
CHEM - Chemistry,Chemical Colloquium,CHEM 401,0.5,400,None,None,,,,
CHEM - Chemistry,Chemical Colloquium,CHEM 402,0.5,400,None,None,,,,
CHEM - Chemistry,Chemical Literature,CHEM 450,1,400,None,None,,,,
CHEM - Chemistry,History and Philosophy of Chemistry,CHEM 457,1,400,None,None,,,,
CHEM - Chemistry,Analytical Chemistry,CHEM 470,3,400,CHEM 342,CHEM 470L,,,,
CHEM - Chemistry,Analytical Chemistry Laboratory,CHEM 470L,1,400,None,CHEM 470,,,,
CORE - Core Curriculum,New Student Orientation,CORE 100,1,100,None,None,,,,
CORE - Core Curriculum,Critical Thinking,CORE 120,2,100,None,None,,,,
CORE - Core Curriculum,Essential Mathematics for a Contemporary World,CORE 131,3,100,None,None,,,,
CORE - Core Curriculum,Essential Mathematics for a Contemporary World II,CORE 132,3,100,None,None,,,,
CORE - Core Curriculum,African American Heritage,CORE 140,3,100,None,None,,,,
CORE - Core Curriculum,Composition I,CORE 150,3,100,None,None,,,,
CORE - Core Curriculum,Composition II,CORE 160,3,100,CORE 150,None,,,,
CORE - Core Curriculum,Introduction to Business and Entrepreneurship,CORE 201,3,200,CORE 160,None,,,,
CORE - Core Curriculum,Introduction to Social Justice,CORE 210,3,200,None,None,,,,
CORE - Core Curriculum,The Creative Arts,CORE 220,3,200,None,None,,,,
CORE - Core Curriculum,Natural Science ,CORE 240,3,200,CORE 131,None,,,,
CORE - Core Curriculum,Humanities,CORE 260,3,200,CORE 160,None,,,,
CORE - Core Curriculum,The World and its Peoples,CORE 360,3,300,CORE 260,None,,,,
CRJ - Criminal Justice,Introduction to Criminal Justice,CRJ 200,3,200,None,None,,,,
CRJ - Criminal Justice,Police and Society,CRJ 210,3,200,CRJ 200,None,,,,
CRJ - Criminal Justice,Corrections,CRJ 220,3,200,CRJ 200,None,,,,
CRJ - Criminal Justice,Women and Crime,CRJ 260,3,200,None,None,,,,
CRJ - Criminal Justice,Research and Technology in Criminal justice,CRJ 300,3,300,"HSS 280, CRJ 200",None,,,,
CRJ - Criminal Justice,Crime Victims,CRJ 342,3,300,CRJ 200,None,,,,
CRJ - Criminal Justice,Comparative Criminal Justice,CRJ 365,3,300,CRJ 200,None,,,,
CRJ - Criminal Justice,Global Terrorism,CRJ 374,3,300,CRJ 200,None,,,,
CRJ - Criminal Justice,Cyber Security,CRJ 384,3,300,CRJ 200,None,,,,
CRJ - Criminal Justice,White Collar Crime,CRJ 385,3,300,CRJ 200,None,,,,
CRJ - Criminal Justice,Senior Seminar,CRJ 499,3,400,None,None,,,,
CSCI - Computer Science,Introduction to Computing,CSCI 100,3,100,None,None,,,,
CSCI - Computer Science,Introduction to Computer Science I,CSCI 110,3,100,MATH 110,CSCI 110L,,,,
CSCI - Computer Science,Introduction to Computer Science I Laboratory,CSCI 110L,1,100,None,CSCI 110,,,,
CSCI - Computer Science,Introduction to Computer Science II,CSCI 120,3,100,CSCI 110,CSCI 120L,,,,
CSCI - Computer Science,Introduction to Computer Science II Laboratory,CSCI 120L,1,100,None,CSCI 120,,,,
CSCI - Computer Science,Sophomore Seminar,CSCI 210,3,200,None,None,,,,
CSCI - Computer Science,Introduction to Computer Architecture,CSCI 230,3,200,CSCI 120,CSCI 230L,,,,
CSCI - Computer Science,Introduction to Computer Architecture Laboratory,CSCI 230L,1,200,None,CSCI 230,,,,
CSCI - Computer Science,Data Structures and Algorithms,CSCI 241,3,200,CSCI 120,CSCI 241L,,,,
CSCI - Computer Science,Data Structures and Algorithms Laboratory,CSCI 241L,1,200,None,CSCI 241,,,,
CSCI - Computer Science,Operating Systems,CSCI 261,3,200,"CSCI 230, CSCI 241",CSCI 261L,,,,
CSCI - Computer Science,Operating Systems Laboratory,CSCI 261L,1,200,None,CSCI 261,,,,
CSCI - Computer Science,Mathematical Modeling of Biological Systems,CSCI 280,3,200,None,CSCI 280L,,,,
CSCI - Computer Science,Mathematical Modeling of Biological Systems Laboratory,CSCI 280L,1,200,None,CSCI 280,,,,
CSCI - Computer Science,Programming Languages,CSCI 282,3,200,"CSCI 230, CSCI 241",CSCI 282L,,,,
CSCI - Computer Science,Programming Languages Laboratory,CSCI 282L,1,200,None,CSCI 282,,,,
CSCI - Computer Science,Bioinformatics I,CSCI 285,3,200,None,CSCI 285L,,,,
CSCI - Computer Science,Bioinformatics I Laboratory,CSCI 285L,1,200,None,CSCI 285,,,,
CSCI - Computer Science,Practical Tools for Bioinformatics,CSCI 286,3,200,MATH 110,None,,,,
CSCI - Computer Science,Theory of Computation,CSCI 291,3,200,"CSCI 241, MATH 125",None,,,,
CSCI - Computer Science,Junior Seminar,CSCI 310,1,300,None,None,,,,
CSCI - Computer Science,Database Management ,CSCI 312,3,300,CSCI 241,CSCI 312L,,,,
CSCI - Computer Science,Database Management Laboratory,CSCI 312L,1,300,None,CSCI 312,,,,
CSCI - Computer Science,Numerical Analysis,CSCI 320,3,300,"CSCI 120, MATH 130",None,,,,
CSCI - Computer Science,Computer Networks and Distributed Systems ,CSCI 360,3,300,CSCI 230,None,,,,
CSCI - Computer Science,Software Engineering,CSCI 370,3,300,CSCI 241,None,,,,
CSCI - Computer Science,Machine Learning,CSCI 380,3,300,"CSCI 241, MATH 130, MATH 240",CSCI 380L,,,,
CSCI - Computer Science,Machine Learning Laboratory,CSCI 380L,1,300,None,CSCI 380,,,,
CSCI - Computer Science,Special Topics ,CSCI 390,3 to 4,300,None,None,,,,
CSCI - Computer Science,Special Topics: Machine Learning for Social Sciences,CSCI 390M,3,300,None,None,,,,
CSCI - Computer Science,Independent Study ,CSCI 398,1 to 4,300,None,None,,,,
CSCI - Computer Science,Senior Seminar I,CSCI 411,2,400,None,None,,,,
CSCI - Computer Science,Senior Seminar II,CSCI 412,2,400,None,None,,,,
ECON - Economics,Principles of Microeconomics,ECON 230,3,200,MATH 101,None,,,,
ECON - Economics,Principles of Macroeconomics,ECON 240,3,200,MATH 101,None,,,,
ECON - Economics,Foundations of Financial Economics,ECON 300,2,300,"BAD 200, BAD 260, ECON 230, ECON 240",,,,,
ECON - Economics,Managerial Economics,ECON 330,3,300,"ECON 230, MATH 101, BAD 260",,,,,
ECON - Economics,Macroeconomic Analysis,ECON 340,3,300,"ECON 240, BAD 200 or MATH 120",,,,,
ECON - Economics,Microeconomic Analysis,ECON 340A,3,300,ECON 230,None,,,,
ECON - Economics,International Economics,ECON 350,3,300,"ECON 230, ECON 240",None,,,,
ECON - Economics,Introduction to Econometrics,ECON 370,3,300,"ECON 230, ECON 240, BAD 200, BAD 260",,,,,
ECON - Economics,Topics in Economics,ECON 400,1 to 4,400,"ECON 330, ECON 340",None,,,,
ECON - Economics,Business Ethics,ECON 400R,3,400,"ECON 330, ECON 340",None,,,,
ECON - Economics,Economics of Development,ECON 450,3,400,"ECON 230, ECON 240",None,,,,
EDUC - Education,Elementary Health and Physical Activity,EDUC 100,3,100,None,None,,,,
EDUC - Education,Educational Psychology,EDUC 248,3,200,None,None,,,,
EDUC - Education,Fundamental Responsibilities of Teaching ,EDUC 250,1,200,None,None,,,,
EDUC - Education,Theory and Pratice of Teaching ,EDUC 260,3,200,None,None,,,,
EDUC - Education,Teaching Reading in the Elementary Schools I,EDUC 310,3,300,None,None,,,,
EDUC - Education,Elementary Curriculum and Methods I ,EDUC 320,3,300,"EDUC 250, PSY 205, Admission to the elementary Teacher Education Program ",None,,,,
EDUC - Education,Elementary Curriculum and Methods ,EDUC 320BL,3,300,"EDUC 250, EDUC 260, PSY 205",None,,,,
EDUC - Education,Elementary Curriculum and Methods II,EDUC 330,3,300,"EDUC 250, PSY 205, Admission to the elementary Teacher Education Program ",None,,,,
EDUC - Education,Secondary Curriculum and Methods I ,EDUC 340,3,300,"EDUC 250, PSY 205, Admission to the Secondary Teacher Education Program ",None,,,,
EDUC - Education,Secondary Curriculum and Methods I,EDUC 340BL,3,300,"EDUC 250, EDUC 260, PSY 205",None,,,,
EDUC - Education,Secondary Curriculum and Methods II ,EDUC 350,3,300,"EDUC 250, PSY 205, Admission to the Secondary Teacher Education Program ",None,,,,
EDUC - Education,Teaching Reading in the Elementary Schools II,EDUC 360,3,300,None,None,,,,
EDUC - Education,Elementary Student Teaching ,EDUC 400,9,400,"EDUC 320, EDUC 330, Admission to the Elementary Teacher Education Program ",None,,,,
EDUC - Education,Elementary Student Teaching II,EDUC 400N,9,400,"EDUC 320, EDUC 330",None,,,,
EDUC - Education,Elementary Student Seminar ,EDUC 410,3,400,None,EDUC 400,,,,
EDUC - Education,Secondary Student Teaching ,EDUC 450,9,400,"EDUC 340, EDUC 350, Admission to the Secondary Teacher Education Program ",EDUC 460,,,,
EDUC - Education,Secondary Student Teaching II,EDUC 450N,9,400,"EDUC 340, EDUC 350",None,,,,
EDUC - Education,Secondary Student Seminar ,EDUC 460,3,400,None,EDUC 450,,,,
EDUC - Education,Secondary Education Seminar II,EDUC 460M,3,400,EDUC 340,None,,,,
ENG - English,Advanced Composition ,ENG 146,3,100,None,None,,,,
ENG - English,Writers' Workshop,ENG 150,3,100,None,None,,,,
ENG - English,Studies in Literature,ENG 180,3,100,None,None,,,,
ENG - English,Survey of American Literature,ENG 220,3,200,None,None,,,,
ENG - English,American Literature II - Figure ,ENG 222,3,200,ENG 220,None,,,,
ENG - English,American Literature II - Period,ENG 224,3,200,ENG 220,None,,,,
ENG - English,American Literature II - Genre,ENG 226,3,200,ENG 220,None,,,,
ENG - English,British Literature - Figure,ENG 232,3,200,ENG 230,None,,,,
ENG - English,British Literature - Period ,ENG 234,3,200,ENG 230,None,,,,
ENG - English,British Literature - Genre ,ENG 236,3,200,ENG 230,None,,,,
ENG - English,Women and Literature ,ENG 240,3,200,None,None,,,,
ENG - English,Honors Women and Literature ,ENG 240F,3,200,CORE 110,None,,,,
ENG - English,Shakespeare,ENG 265,3,200,None,None,,,,
ENG - English,African American Literature to 1919,ENG 275,3,200,None,None,,,,
ENG - English,The Harlem Renaissance to the Present,ENG 276,3,200,None,None,,,,
ENG - English,Seminar ,ENG 280,3,200,None,None,,,,
ENG - English,World Literature ,ENG 290,3,200,"CORE 150, CORE 160",None,,,,
ENG - English,Survey of British Literature ,ENG 330,3,300,None,None,,,,
ENG - English,Biritish Literature II - Figure ,ENG 332,3,300,ENG 330,None,,,,
ENG - English,British Literature II - Period,ENG 334,3,300,ENG 330,None,,,,
ENG - English,British Literature II - Genre,ENG 336,3,300,ENG 330,None,,,,
ENG - English,Senior Seminar,ENG 480,3,400,None,None,,,,
FIN - Finance,Financial Statement Analysis,FIN 310,3,300,ACC 240,None,,,,
FIN - Finance,Business Finance,FIN 320,3,300,"ACC 240, BAD 260, ECON 230",None,,,,
FIN - Finance,Corporate Financial Management,FIN 330,3,300,FIN 320,None,,,,
FIN - Finance,Financial Markets,FIN 350,3,300,"ECON 230, ECON 240, FIN 320",None,,,,
FIN - Finance,Financial Markets,FIN 350A,3,300,"ECON 230, ECON 240, ECON 300",None,,,,
FIN - Finance,Futures and Options Market,FIN 350B,3,300,"ECON 300, FIN 350A",None,,,,
FIN - Finance,Enterprise Risk Management,FIN 360,3,300,None,None,,,,
FIN - Finance,Investments: Analysis and Management,FIN 370,3,300,FIN 320,None,,,,
FIN - Finance,International Financial Management ,FIN 410,3,400,FIN 320,None,,,,
FIN - Finance,Financial Institutions Management,FIN 420,3,400,FIN 320,None,,,,
FLM - Film,Elements of History of Film,FLM 103,3,100,None,None,,,,
FLM - Film,Film Tech I,FLM 112,3,100,None,None,,,,
FLM - Film,Film History I,FLM 201,3,200,None,None,,,,
FLM - Film,Film History II,FLM 202,3,200,None,None,,,,
FLM - Film,Social Documentary Filmmaking,FLM 251,3,200,None,None,,,,
FLM - Film,Short Film I ,FLM 260,3,200,None,None,,,,
FLM - Film,Short Film II,FLM 261,3,200,FLM 260,None,,,,
FLM - Film,Special Topics,FLM 271,3,200,None,None,,,,
FLM - Film,African American Film History*,FLM 271A,3,200,None,None,,,,
FLM - Film,Internship: Film Industry*,FLM 271 I,3,200,None,None,,,,
FLM - Film,Post Colonial Literature and Film*,FLM 280,3,200,None,None,,,,
FREN - French,Elementary French I,FREN 101,3,100,None,None,,,,
FREN - French,Elementary French II,FREN 102,3,100,FREN 101,None,,,,
FREN - French,Intensive Intermediate French,FREN 200,3,200,FREN 102,None,,,,
FREN - French,Contemporary French Culture ,FREN 301,3,300,FREN 200,None,,,,
FREN - French,Phonetic,FREN 302,3,300,FREN 200,None,,,,
FREN - French,Conversation and Composition I,FREN 311,3,300,FREN 200,None,,,,
FREN - French,Conversation and Composition II,FREN 312,3,300,FREN 200,None,,,,
FREN - French,French Masterpieces I,FREN 313,3,300,None,None,,,,
FREN - French,French Masterpieces II,FREN 314,3,300,None,None,,,,
FREN - French,Reading French,FREN 320,3,300,None,None,,,,
FREN - French,Independent Study ,FREN 330,3,300,FREN 311,None,,,,
FREN - French,Black French Literature ,FREN 350,3,300,"FREN 311, FREN 312",None,,,,
FREN - French,Twentieth Century,FREN 360,3,300,None,None,,,,
FREN - French,Topics in French Literature and Culture,FREN 370,3,300,None,None,,,,
GRD - Graphic Design,History of Graphic Design,GRD 101,3,100,None,None,Distribution: Lecture,,,
GRD - Graphic Design,Graphic Design I,GRD 110,3,100,None,None,,,,
GRD - Graphic Design,Fundamentals of Typography,GRD 121,3,100,None,None,Distribution: Studio,,,
GRD - Graphic Design,Concept Development,GRD 210,3,200,None,None,Distribution: Studio,,,
GRD - Graphic Design,Digital Design I ,GRD 230,3,200,None,None,Distribution: Studio,,,
GRD - Graphic Design,Digital Design II,GRD 231,3,200,None,None,Distribution: Studio,,,
GRD - Graphic Design,Experimental Typography,GRD 232,3,200,None,None,Distribution: Studio,,,
GRD - Graphic Design,Professional Practices,GRD 251,3,200,None,None,Distribution: Lecture,,,
GRD - Graphic Design,Brand Development,GRD 310,3,300,None,None,Distribution: Studio,,,
HCA - Healthcare Administration,Introduction to Healthcare Administration,HCA 201,3,200,None,None,,,,
HCA - Healthcare Administration,Approaches to Planning HC,HCA 210,3,200,HCA 201,None,,,,
HCA - Healthcare Administration,Health Economics,HCA 310,3,300,"ECON 230, ECON 240, HCA 201",None,,,,
HCA - Healthcare Administration,Health Facilities Law,HCA 320,3,300,HCA 201,None,,,,
HCA - Healthcare Administration,Health Care Management I ,HCA 421,3,400,"BAD 260, HCA 201",None,,,,
HCA - Healthcare Administration,Health Care Research,HCA 490,3,400,"BAD 260, HCA 201",None,,,,
HIS - History,Introduction to the Study of History,HIS 150,3,100,None,None,,,,
HIS - History,United States History,HIS 160,3,100,None,None,,,,
HIS - History,African History,HIS 180,3,100,None,None,,,,
HIS - History,European History,HIS 190,3,100,None,None,,,,
HIS - History,Selected Topics in U.S History,HIS 200,3,200,None,None,,,,
HIS - History,Selected Topics in Afro-American History,HIS 210,3,200,None,None,,,,
HIS - History,Selected Topics in African History,HIS 220,3,200,None,None,,,,
HIS - History,Selected Topics in World History,HIS 230,3,200,None,None,,,,
HIS - History,Selected Topics in Women's History,HIS 240,3,200,None,None,,,,
HIS - History,African American History,HIS 270,3,200,"CORE 150, ENG 275 or HIS 180",None,,,,
HIS - History,Historiography and Methodology,HIS 300,3,300,None,None,,,,
HIS - History,History Seminar,HIS 350,3,300,None,None,,,,
HIS - History,Modern World History,HIS 360,3,300,None,None,,,,
HIS - History,Internship In History ,HIS 370,3,300,None,None,,,,
HIS - History,Senior Seminar,HIS 499,3,400,None,None,,,,
HMLS - Homeland Security,Introduction to Emergency Management,HMLS 201,3,200,None,None,,,,
HMLS - Homeland Security,Border and Immigration Control,HMLS 220,3,200,None,None,,,,
HMLS - Homeland Security,Introduction to Homeland Security,HMLS 225,3,200,None,None,,,,
HMLS - Homeland Security,Social Dimensions of Disasters,HMLS 365,3,300,None,None,,,,
HMLS - Homeland Security,Critical Infrastructure Protection,HMLS 400,3,400,None,None,,,,
HON - Honors,Introduction to the Honors Program I,HON 111,2,100,Admission to the W.E.B Du Bois General University Honors Program,None,,,,
HON - Honors,Introduction to the Honors Program II,HON 112,2,100,Admission to the W.E.B Du Bois General University Honors Program,None,,,,
HON - Honors,Freshman Honors Independent Study I,HON 121,2,100,Admission to the W.E.B Du Bois General University Honors Program,None,,,,
HON - Honors,Freshman Honors Independent Study II,HON 122,2,100,Admission to the W.E.B Du Bois General University Honors Program,None,,,,
HON - Honors,Sophomore Honors Colloquium,HON 211,3,200,"Admission to the W.E.B Du Bois General University Honors Program, 3.0 or better Grade Point Average",None,,,,
HON - Honors,Sophomore Honors Independent Study I,HON 221,2,200,"Admission to the W.E.B Du Bois General University Honors Program, 3.0 or better Grade Point Average",None,,,,
HON - Honors,Sophomore Honors Independent Study II,HON 222,2,200,"Admission to the W.E.B Du Bois General University Honors Program, 3.0 or better Grade Point Average",None,,,,
HON - Honors,Junior Honors Colloquium I ,HON 311,3,300,"Admission to the W.E.B Du Bois General University Honors Program, 3.0 or better Grade Point Average",None,,,,
HON - Honors,Junior Honors Colloquium II,HON 312,3,300,"Admission to the W.E.B Du Bois General University Honors Program, 3.0 or better Grade Point Average",None,,,,
HON - Honors,Junior Honors Independent Study I,HON 321,3,300,"Admission to the W.E.B Du Bois General University Honors Program, 3.0 or better Grade Point Average",None,,,,
HON - Honors,Junior Honors Independent Study II,HON 322,3,300,"Admission to the W.E.B Du Bois General University Honors Program, 3.0 or better Grade Point Average",None,,,,
HON - Honors,Senior Honors Colloquium I,HON 411,3,400,"Admission to the W.E.B Du Bois General University Honors Program, 3.0 or better Grade Point Average",None,,,,
HON - Honors,Senior Honors Colloquium II,HON 412,3,400,"Admission to the W.E.B Du Bois General University Honors Program, 3.0 or better Grade Point Average",None,,,,
HON - Honors,Senior Honors Independent Study I,HON 421,3,400,"Admission to the W.E.B Du Bois General University Honors Program, 3.0 or better Grade Point Average",None,,,,
HON - Honors,Senior Honors Independent Study II,HON 422,3,400,"Admission to the W.E.B Du Bois General University Honors Program, 3.0 or better Grade Point Average",None,,,,
HON - Honors,Senior Honors Project ,HON 497,3,400,None,None,,,,
HON - Honors,Senior Honors Project ,HON 498,3,400,None,None,,,,
HSS - Humanities and Social Sciences,SpeciaL Topics,HSS 170,3,100,None,None,,,,
HSS - Humanities and Social Sciences,Logic,HSS 170L,3,100,None,None,,,,
HSS - Humanities and Social Sciences,Public Speaking ,HSS 180,3,100,None,None,,,,
HSS - Humanities and Social Sciences,African American History and Virtual Reality ,HSS 220,3,200,None,None,,,,
HSS - Humanities and Social Sciences,Topics in Broadcasting,HSS 229,3,200,None,None,,,,
HSS - Humanities and Social Sciences,Mass Media and Society,HSS 235,3,200,None,None,,,,
HSS - Humanities and Social Sciences,Introduction to Journalism,HSS 237,3,200,None,None,,,,
HSS - Humanities and Social Sciences,Topics in Journalism,HSS 238,3,200,None,None,,,,
HSS - Humanities and Social Sciences,Practicum in Mass Communications,HSS 240,1 to 3,200,Instructor Permission,None,,,,
HSS - Humanities and Social Sciences,Newspaper Production ,HSS 242,3,200,None,None,,,,
HSS - Humanities and Social Sciences,Introduction to Women's Studies,HSS 250,3,200,None,None,,,,
HSS - Humanities and Social Sciences,Social Research Methods,HSS 280,3,200,CORE 130,None,,,,
HSS - Humanities and Social Sciences,Behavioral Statistics,HSS 290,3,200,None,None,,,,
HSS - Humanities and Social Sciences,Black Experiences,HSS 380,3,300,None,None,,,,
HSS - Humanities and Social Sciences,"Multicultural Diversity, Social Inequality, and the Pursuit of Health in Global Perspective",HSS 380A,3,300,None,None,,,,
IND - Interior Design,Design Fundamentals,IND 101,3,100,None,None,Distribution: Studio,,,
IND - Interior Design,Architectural Drawing I,IND 111,3,100,None,None,Distribution: Studio,,,
IND - Interior Design,Building Construction,IND 113,3,100,None,None,Distribution: Studio,,,
IND - Interior Design,Textiles and Furnishes,IND 205,3,200,None,None,Distribution: Lecture,,,
IND - Interior Design,History of Architectural and Design I,IND 206,3,200,None,None,Distribution: Lecture,,,
IND - Interior Design,History of Architectural and Design II,IND 207,3,200,None,None,Distribution: Lecture,,,
IND - Interior Design,CAD I,IND 311,3,300,None,None,Distribution: Studio,,,
INS - Insurance and Risk Management,Risk Management Insurance I,INS 101,3,100,None,None,,,,
INS - Insurance and Risk Management,Agency Operation and Distribution Channels,INS 102,3,100,None,None,,,,
INS - Insurance and Risk Management,Claims and Operations Adjustment,INS 103,3,100,None,None,,,,
INS - Insurance and Risk Management,Property and Casualty Insurance,INS 104,3,100,None,None,,,,
INS - Insurance and Risk Management,Life and Health Insurance,INS 105,3,100,None,None,,,,
INS - Insurance and Risk Management,Risk Management Insurance II,INS 106,3,100,None,None,,,,
INS - Insurance and Risk Management,Insurance Operations and Applied Accounting,INS 107,3,100,None,None,,,,
INS - Insurance and Risk Management,Insurance and Society,INS 108,3,100,None,None,,,,
INS - Insurance and Risk Management,"Insurance, Innovation and Communities",INS 109,3,100,None,None,,,,
INS - Insurance and Risk Management,Licensure Exam Preparation,INS 110,3,100,None,None,,,,
INS - Insurance and Risk Management,The Changing Insurance Landscape,INS 111,3,100,None,None,,,,
INS - Insurance and Risk Management,Compliance and Ethics ,INS 112,3,100,None,None,,,,
KINS - Kinesiology,Foundation of Kinesiology,KINS 111,3,100,None,None,,,,
KINS - Kinesiology,Weight Training and Physical Conditioning,KINS 120,3,100,None,KINS 120L,,,,
KINS - Kinesiology,Weight Training and Physical Conditioning Laboratory,KINS 120L,1,100,None,KINS 120,,,,
KINS - Kinesiology,Mechanics of Movement,KINS 122,3,100,None,KINS 122L,,,,
KINS - Kinesiology,Mechanics of Movement Laboratory,KINS 122L,1,100,None,KINS 122,,,,
KINS - Kinesiology,Foundations of Health,KINS 123,3,100,None,None,,,,
KINS - Kinesiology,Group Exercise Instruction and Leadership,KINS 125,3,100,None,KINS 125L,,,,
KINS - Kinesiology,Group Exercise Instruction and Leadership Laboratory,KINS 125L,1,100,None,KINS 125,,,,
KINS - Kinesiology,Human Anatomy and Physiology,KINS 132,3,100,None,None,,,,
KINS - Kinesiology,Exercise Physiology,KINS 133,3,100,None,KINS 133L,,,,
KINS - Kinesiology,Exercise Physiology Laboratory,KINS 133L,1,100,None,KINS 133,,,,
KINS - Kinesiology,Principles of Nutrition,KINS 134,3,100,None,None,,,,
KINS - Kinesiology,Prevention and Care of Athletic Injuries,KINS 243,3,200,None,KINS 243L,,,,
KINS - Kinesiology,Prevention and Care of Athletic Injuries Laboratory,KINS 243L,1,200,None,KINS 243,,,,
KINS - Kinesiology,Introduction to Exercise Science,KINS 275,3,200,None,KINS 275L,,,,
KINS - Kinesiology,Introduction to Exercise Science Laboratory,KINS 275L,1,200,None,KINS 275,,,,
KINS - Kinesiology,"Physical Activity, Cultural Diversity, and Society",KINS 278,3,200,None,None,,,,
KINS - Kinesiology,Fundamentals of Resistance Training,KINS 320,3,300,None,KINS 320L,,,,
KINS - Kinesiology,Fundamentals of Resistance Training Laboratory,KINS 320L,1,300,None,KINS 320,,,,
KINS - Kinesiology,Exercise Physiology,KINS 322,3,300,None,KINS 322L,,,,
KINS - Kinesiology,Exercise Physiology Laboratory,KINS 322L,1,300,None,KINS 322,,,,
KINS - Kinesiology,Measurement and Evaluation in Kinesiology,KINS 369,3,300,None,KINS 369L,,,,
KINS - Kinesiology,Measurement and Evaluation in Kinesiology Laboratory,KINS 369L,1,300,None,KINS 369,,,,
KINS - Kinesiology,Kinesiology,KINS 370,3,300,KINS 132 or BIOL 221,None,,,,
KINS - Kinesiology,Exercise is Medicine ,KINS 375,3,300,KINS 132 OR BIOL 101,None,,,,
KINS - Kinesiology,Exercise Behavior and Psychosocial Outcomes ,KINS 381,3,300,None,None,,,,
KINS - Kinesiology,Psychosocial Aspects of Physical Education and Sports,KINS 382,3,300,None,None,,,,
KINS - Kinesiology,Seminar in Kinesiology,KINS 390,2,300,None,None,,,,
KINS - Kinesiology,Directed Study,KINS 391,1 to 4,300,None,None,,,,
KINS - Kinesiology,Practicum,KINS 400,6,400,None,None,,,,
KINS - Kinesiology,Independent Study ,KINS 401,3,400,None,None,,,,
KINS - Kinesiology,Physical Activity as Therapy,KINS 407,3,400,None,None,,,,
KINS - Kinesiology,Advanced Strength and Conditioning,KINS 414,3,400,None,None,,,,
KINS - Kinesiology,Fitness Programs for Individuals with Chronic Diseases,KINS 420,3,400,None,None,,,,
KINS - Kinesiology,Fitness and Wellness Program Development,KINS 425,3,400,None,None,,,,
KINS - Kinesiology,Physiology of Aging,KINS 464,3,400,None,None,,,,
KINS - Kinesiology,Gender Issues in Sport and Physical Culture,KINS 475,3,400,None,None,,,,
KINS - Kinesiology,"Sport, Cultural Politics, and Media",KINS 478,3,400,None,None,,,,
KINS - Kinesiology,Field Experience Seminar,KINS 486,3,400,None,None,,,,
MATH - Mathematics,Intermediate Algebra,MATH 100,3,100,None,None,,,,
MATH - Mathematics,College Algebra,MATH 101,3,100,MATH 100 or Completion of High School Algebra or pass score on placement test,None,,,,
MATH - Mathematics,Precalculus,MATH 110,3,100,MATH 101 or Completion of High School Algebra or pass score on placement test,None,,,,
MATH - Mathematics,Calculus I,MATH 120,3,100,MATH 110 or Completion of High School Algebra and High School Trigonometry or pass score on placement test,None,,,,
MATH - Mathematics,Biocalculus I,MATH 121,3,100,MATH 110 or Completion of High School Algebra and High School Trigonometry or pass score on placement test,None,,,,
MATH - Mathematics,Discrete Mathematics,MATH 125,3,100,MATH 110,None,,,,
MATH - Mathematics,Calculus II,MATH 130,4,100,MATH 120,None,,,,
MATH - Mathematics,Mathematics for Elementary Teachers,MATH 200S,3,200,"MATH 101 or CORE 130, and not MATH 220",None,,,,
MATH - Mathematics,Introduction to Abstract Algebra,MATH 202,3,200,MATH 130,None,,,,
MATH - Mathematics,Calculus III,MATH 210,4,200,MATH 130,None,,,,
MATH - Mathematics,Introduction to Higher Algebra,MATH 220,3,200,MATH 120,None,,,,
MATH - Mathematics,Linear Algebra,MATH 240,3,200,MATH 130,None,,,,
MATH - Mathematics,Ordinary Differential Equations ,MATH 270,3,200,MATH 130,None,,,,
MATH - Mathematics,Mathematical Modeling of Biological Systems,MATH 280,3,200,,None,,,,
MATH - Mathematics,Bioinformatics I,MATH 285,3,200,,None,,,,
MATH - Mathematics,Algebraic Structures,MATH 320,3,300,MATH 240,None,,,,
MATH - Mathematics,Real Analysis,MATH 353,3,300,MATH 240,None,,,,
MATH - Mathematics,Special Topics in Mathematics,MATH 390,3,300,,None,,,,
MATH - Mathematics,Special Topics in Biostatistics,MATH 390B,3,300,,None,,,,
MATH - Mathematics,Senior Seminar,MATH 395,2,300,,None,,,,
MATH - Mathematics,Independent Study ,MATH 398,3 to 4,300,Discipline Coordinator Permission,None,,,,
MGT - Management,Management Principles and Practice,MGT 280,3,200,None,None,,,,
MGT - Management,Human Resource Management,MGT 320,3,300,MGT 280,None,,,,
MGT - Management,Production and Operations Management,MGT 330,3,300,BAD 260,None,,,,
MGT - Management,Organizational Behavior,MGT 340,3,300,MGT 280,None,,,,
MGT - Management,International Business,MGT 350,3,300,MGT 280,None,,,,
MGT - Management,Entrepreneurial Development,MGT 380,3,300,None,None,,,,
MGT - Management,Topics in Management,MGT 400,1 to 3,400,Instructor Permission,None,,,,
MGT - Management,Leadership,MGT 405,3,400,None,None,,,,
MGT - Management,Strategic Marketing,MGT 422,3,400,BAD 320,None,,,,
MKT - Marketing,Marketing Principles,MKT 300,3,300,None,None,,,,
MKT - Marketing,Consumer Behavior,MKT 310,3,300,None,None,,,,
MKT - Marketing,Digital Marketing,MKT 320,3,300,None,None,,,,
MKT - Marketing,Brand Strategy,MKT 330,3,300,None,None,,,,
MKT - Marketing,Integrated Marketing Communications,MKT 340,3,300,None,None,,,,
MKT - Marketing,Music Marketing,MKT 350,3,300,None,None,,,,
MKT - Marketing,Supply Management,MKT 360,3,300,None,None,,,,
MKT - Marketing,Professional Selling And Sales Management,MKT 370,3,300,None,None,,,,
MKT - Marketing,Healthcare Marketing,MKT 380,3,300,None,None,,,,
MKT - Marketing,Special Topics in Marketing,MKT 400,3,400,None,None,,,,
MKT - Marketing,Marketing Analytics,MKT 410,3,400,None,None,,,,
MKT - Marketing,Marketing Strategy,MKT 420,3,400,MKT 300,None,,,,
MS - Military Science,Foundations of Officership,MS 111,1,100,None,None,,,,
MS - Military Science,Basic Leadership,MS 113,2,100,None,None,,,,
MS - Military Science,American Military History: Principles of War,MS 151,3,100,None,None,,,,
MS - Military Science,Leadership and Teamwork,MS 152,2,100,None,None,,,,
MS - Military Science,Leadership and Problem Solving,MS 211,3,200,None,None,,,,
MS - Military Science,Leadership and Ethics,MS 212,3,200,None,None,,,,
MS - Military Science,Leadership and Management: Developing Adaptive Leaders,MS 251,3,200,None,None,,,,
MS - Military Science,Officership,MS 252,3,200,None,None,,,,
MUS - Music,Piano Class for Beginners ,MUS 050X,1,100,,None,,,,
MUS - Music,Piano Class for Beginners ,MUS 052X,1,100,MUS 050X or Audition,None,,,,
MUS - Music,Piano Class for Beginners ,MUS 053X,1,100,MUS 052X or Audition,None,,,,
MUS - Music,Piano Class for Beginners ,MUS 054X,1,100,MUS 053X or Audition,None,,,,
MUS - Music,Introductory Organ ,MUS 060B,1,100,MUS 250B or Audtion,None,,,,
MUS - Music,Voice Class for Beginners,MUS 070X,1,100,None,None,,,,
MUS - Music,Elements of Music,MUS 100,3,100,None,None,,,,
MUS - Music,Materials in Music Theory ,MUS 101,3,100,MUS 100,MUS 101L,,,,
MUS - Music,Materials in Music Theory Laboratory,MUS 101L,1,100,None,MUS 101,,,,
MUS - Music,Materials in Music Theory ,MUS 102,3,100,None,MUS 102L,,,,
MUS - Music,Materials in Music Theory Laboratory,MUS 102L,1,100,None,MUS 102,,,,
MUS - Music,Principles of Jazz Improvisation,MUS 110,2,100,Audition or Instructor Permission,None,,,,
MUS - Music,Introduction to Music Technology,MUS 120,2,100,"MUS 100, CSCI 100",None,,,,
MUS - Music,Secondary Piano ,MUS 150A,1,100,None,None,,,,
MUS - Music,Secondary Piano ,MUS 150B,1,100,None,None,,,,
MUS - Music,Principal Piano ,MUS 151,1,100,Audition,None,,,,
MUS - Music,Principial Piano ,MUS 152,1,100,Audition,None,,,,
MUS - Music,Seminar in Music Performance and Literature,MUS 157,0,100,None,None,,,,
MUS - Music,Seminar in Music Performance and Literature,MUS 158,0,100,None,None,,,,
MUS - Music,Secondary Organ ,MUS 160A,1,100,MUS 060B or Instructor's Permission,None,,,,
MUS - Music,Secondary Organ ,MUS 160B,1,100,MUS 060B or Instructor's Permission,None,,,,
MUS - Music,Principal Organ ,MUS 161,1,100,Audition,None,,,,
MUS - Music,Principal Organ ,MUS 162,1,100,Audition ,None,,,,
MUS - Music,Secondary Voice,MUS 170A,1,100,None,None,,,,
MUS - Music,Secondary Voice ,MUS 170B,1,100,None,None,,,,
MUS - Music,Principal Voice ,MUS 171,1,100,Voice Audition,None,,,,
MUS - Music,Principal Voice ,MUS 172,1,100,Voice Audition,None,,,,
MUS - Music,World Music ,MUS 200,3,200,None,None,,,,
MUS - Music,Materials in Music Theory ,MUS 201,3,200,MUS 102,None,,,,
MUS - Music,Materials in Music Theory ,MUS 202,3,200,MUS 102,None,,,,
MUS - Music,Music in America,MUS 205,2,200,None,None,,,,
MUS - Music,Crosscurrents in African and African American Music ,MUS 206,2,200,None,None,,,,
MUS - Music,Twentieth Century Music,MUS 207,2,200,None,None,,,,
MUS - Music,History of Jazz,MUS 208,2,200,None,None,,,,
MUS - Music,Jubilee Singers,MUS 225,1,200,Audition,None,,,,
MUS - Music,University Choir,MUS 226,1,200,Permission of the Director,None,,,,
MUS - Music,Jazz Ensemble,MUS 227,1,200,None,None,,,,
MUS - Music,Opera Workshop,MUS 228,1 to 2,200,Audition,None,,,,
MUS - Music,Fisk University Marching Band,MUS 229,1,200,Audition ,None,,,,
MUS - Music,Secondary Piano ,MUS 250A,1,200,"MUS 150A, MUS 150B",None,,,,
MUS - Music,Secondary Piano ,MUS 250B,1,200,"MUS 150A, MUS 150B",None,,,,
MUS - Music,Principal Piano for B.A in Music ,MUS 251,1,200,MUS 152,None,,,,
MUS - Music,Principal Piano for B.A in Music ,MUS 252,1,200,MUS 152,None,,,,
MUS - Music,Principal Piano for B.Music ,MUS 253,2,200,MUS 152,None,,,,
MUS - Music,Principal Piano for B.Music ,MUS 254,2,200,MUS 152,None,,,,
MUS - Music,Secondary Organ ,MUS 260A,1,200,MUS 160B,None,,,,
MUS - Music,Secondary Organ ,MUS 260B,1,200,MUS 160B,None,,,,
MUS - Music,Principal Organ for B.A in Music ,MUS 261,1,200,MUS 162,None,,,,
MUS - Music,Principal Organ for B.A in Music ,MUS 262,1,200,MUS 162 ,None,,,,
MUS - Music,Principal Organ for B.Music ,MUS 263,2,200,MUS 162,None,,,,
MUS - Music,Principal Organ for B.Music ,MUS 264,2,200,MUS 162,None,,,,
MUS - Music,Secondary Voice ,MUS 270A,1,200,MUS 170B,None,,,,
MUS - Music,Secondary Voice ,MUS 270B,1,200,MUS 170B,None,,,,
MUS - Music,Principal Voice for B.A in Music ,MUS 271,1,200,MUS 172,None,,,,
MUS - Music,Principal Voice for B.A in Music ,MUS 272,1,200,MUS 172,None,,,,
MUS - Music,Principal Voice for B.Music ,MUS 273,2,200,MUS 172 ,None,,,,
MUS - Music,Principal Voice for B.Music ,MUS 274,2,200,MUS 172,None,,,,
MUS - Music,Independent Study I,MUS 281,2 to 3,200,None,None,,,,
MUS - Music,Independent Study II,MUS 282,2 to 3,200,None,None,,,,
MUS - Music,Counterpoint ,MUS 303,3,300,None,None,,,,
MUS - Music,Orchestration ,MUS 305,3,300,None,None,,,,
MUS - Music,Music History and Literature I,MUS 307,3,300,None,None,,,,
MUS - Music,Music History and Literature II,MUS 308,3,300,None,None,,,,
MUS - Music,Music in the Elementary School ,MUS 313,2,300,None,None,,,,
MUS - Music,Music in the High School Year,MUS 315,2,300,None,None,,,,
MUS - Music,Junior Recital ,MUS 320,0,300,None,None,,,,
MUS - Music,Conducting ,MUS 323,2,300,None,None,,,,
MUS - Music,Conducting ,MUS 324,2,300,None,None,,,,
MUS - Music,Junior Recital ,MUS 350,0,300,None,None,,,,
MUS - Music,Principal Piano for B.A in Music ,MUS 351,1,300,None,None,,,,
MUS - Music,Principal Piano for B.A in Music ,MUS 352,1,300,N,None,,,,
MUS - Music,Principal Piano for B.Music ,MUS 355,3,300,"MUS 254, Junior Recital",None,,,,
MUS - Music,Principal Piano for B.Music ,MUS 356,3,300,"MUS 254, Junior Recital",None,,,,
MUS - Music,Junior Recital,MUS 360,0,300,None,None,,,,
MUS - Music,Principal Organ for B.A in Music ,MUS 361,1,300,MUS 262,None,,,,
MUS - Music,Principal Organ for B.A in Music ,MUS 362,1,300,MUS 262,None,,,,
MUS - Music,Principal Organ for B.Music ,MUS 365,3,300,"MUS 254, Junior Recital",None,,,,
MUS - Music,Principal Organ for B.Music ,MUS 366,3,300,"MUS 254, Junior Recital",None,,,,
MUS - Music,Junior Recital II,MUS 370,0,300,None,None,,,,
MUS - Music,Principal Voice for B.A in Music ,MUS 371,1,300,"MUS 272, MUS 157 or MUS 158",None,,,,
MUS - Music,Principal Voice for B.A in Music ,MUS 372,1,300,"MUS 272, MUS 157 or MUS 158",None,,,,
MUS - Music,Principal Voice for B.Music ,MUS 375,3,300,"MUS 274, Junior Recital",None,,,,
MUS - Music,Principal Voice for B.Music ,MUS 376,3,300,"MUS 274, Junior Recital",None,,,,
MUS - Music,Independent Study ,MUS 381,2 to 3,300,None,None,,,,
MUS - Music,Independent Study ,MUS 382,2 to 3,300,None,None,,,,
MUS - Music,Techniques of Teaching Brass and Percussion,MUS 383,2,300,None,None,,,,
MUS - Music,Techniques of Teaching Woodwinds and Strings ,MUS 384,2,300,None,None,,,,
MUS - Music,Junior Recital,MUS 390,0,300,None,None,,,,
MUS - Music,Senior Recital,MUS 420,0,400,None,None,,,,
MUS - Music,Senior Recital,MUS 430,0,400,None,None,,,,
MUS - Music,Senior Recital,MUS 440,0,400,None,None,,,,
MUS - Music,Senior Recital,MUS 450,0,400,None,None,,,,
MUS - Music,Principal Piano for B.A in Music ,MUS 451,2,400,"MUS 352, Mini Recital",None,,,,
MUS - Music,Principal Piano for B.A in Music ,MUS 452,2,400,MUS 352,None,,,,
MUS - Music,Principal Piano for B.Music ,MUS 455,3,400,"MUS 356, Senior Recital",None,,,,
MUS - Music,Principal Piano for B.Music ,MUS 456,3,400,"MUS 356, Senior Recital",None,,,,
MUS - Music,Senior Recital,MUS 460,0,400,None,None,,,,
MUS - Music,Principal Organ for B.A in Music ,MUS 461,2,400,"MUS 362, Mini Recital",None,,,,
MUS - Music,Principal Organ for B.A in Music ,MUS 462,2,400,"MUS 362, Mini recital ",None,,,,
MUS - Music,Principal Organ for B.Music ,MUS 465,3,400,"MUS 366, Senior Recital",None,,,,
MUS - Music,Principal Organ for B.Music ,MUS 466,3,400,"MUS 366, Senior Recital",None,,,,
MUS - Music,Senior Recital,MUS 470,0,400,None,None,,,,
MUS - Music,Principal Voice for B.A in Music ,MUS 471,2,400,"MUS 372, Senior Recital",None,,,,
MUS - Music,Principal Voice for B.A in Music ,MUS 472,2,400,"MUS 372, Senior Recital",None,,,,
MUS - Music,Principal Voice for B.Music ,MUS 475,3,400,MUS 376,None,,,,
MUS - Music,Principal Voice for B.Music ,MUS 476,3,400,MUS 376,None,,,,
MUS - Music,Independent Study ,MUS 481,2 to 3,400,None,None,,,,
MUS - Music,Independent Study,MUS 482,2 to 3,400,None,None,,,,
MUS - Music,Senior Recital,MUS 490,0,400,None,None,,,,
NSCI - Natural Science,Space Exploration,NSCI 110,3,100,None,None,,,,
NSCI - Natural Science,Bioinformatics I,NSCI 285,3,200,None,NSCI 285L,,,,
NSCI - Natural Science,Bioinformatics I Laboratory,NSCI 285L,1,200,None,NSCI 285,,,,
NSCI - Natural Science,Pratical Tools for Bioinformatics,NSCI 286,3,200,"MATH 110, BIOL 101, BIOL 102",None,,,,
NSCI - Natural Science,Undergraduate Research,NSCI 290,1 to 3,200,None,None,,,,
NSCI - Natural Science,Undergraduate Research,NSCI 291,1 to 3,200,None,None,,,,
NSCI - Natural Science,Undergraduate Research,NSCI 292,1 to 3,200,None,None,,,,
NSCI - Natural Science,Undergraduate Research,NSCI 293,1 to 3,200,None,None,,,,
NSCI - Natural Science,Biophysics ,NSCI 323,3,300,None,NSCI 323L,,,,
NSCI - Natural Science,Biophysics Lab,NSCI 323L,1,300,None,NSCI 323,,,,
NSCI - Natural Science,Biophysics Seminar,NSCI 324,1,300,"NSCI 323, NSCI 323L",None,,,,
NSCI - Natural Science,Statistics,NSCI 360,3,300,MATH 130,None,,,,
NSCI - Natural Science,Biochemistry I,NSCI 361,3,300,CHEM 234,NSCI 361L,,,,
NSCI - Natural Science,Biochemistry I Laboratory,NSCI 361L,1,300,None,NSCI 361,,,,
NSCI - Natural Science,Biochemistry II,NSCI 362,3,300,NSCI 361,NSCI 362,,,,
NSCI - Natural Science,Biochemistry II Laboratory,NSCI 362L,1,300,None,NSCI 362L,,,,
NSCI - Natural Science,Special Topics ,NSCI 390,1 to 3,300,None,None,,,,
NSCI - Natural Science,Scientific Inquiry: Ethics and Culture I,NSCI 390S,1,300,None,None,,,,
NSCI - Natural Science,Scientific Inquiry: Ethics and Culture II,NSCI 391S,1,300,NSCI 390S,None,,,,
NSCI - Natural Science,Undergraduate Research,NSCI 392,1 to 3,300,None,None,,,,
NSCI - Natural Science,Undergraduate Research,NSCI 393,1 to 3,300,None,None,,,,
NS - Naval Science,Sea Power in History,NS 131,3,100,None,None,,,,
NS - Naval Science,Organization and Management,NS 241,3,200,None,None,,,,
PHO - Photography,Photography I ,PHO 121,3,100,None,None,,Distribution: Studio,,
PHO - Photography,Digital Imaging,PHO 351,3,300,None,None,,Distribution: Studio,,
PHYS - Physics,Seminar I,PHYS 110,0,100,None,None,,,,
PHYS - Physics,Physics for the Life Sciences I ,PHYS 117,3,100,MATH 110,PHYS 117L,,,,
PHYS - Physics,Physics for the Life Science I Laboratory,PHYS 117L,1,100,MATH 110,PHYS 117,,,,
PHYS - Physics,Physics for the Life Sciences II,PHYS 118,3,100,PHYS 117,PHYS 118L,,,,
PHYS - Physics,Physics for the Life Sciences II Laboratory,PHYS 118L,1,100,PHYS 117,PHYS 118,,,,
PHYS - Physics,University Physics I ,PHYS 130,3,100,MATH 110,PHYS 130L,,,,
PHYS - Physics,Experiments in General Physics I,PHYS 130L,1,100,MATH 110,PHYS 130,,,,
PHYS - Physics,University Physics II,PHYS 140,3,100,PHYS 130,PHYS 140L,,,,
PHYS - Physics,Experiments in General Physics II,PHYS 140L,1,100,PHYS 130,PHYS 140,,,,
PHYS - Physics,Modern Physics,PHYS 232,3,200,PHYS 140 or PHYS 118,PHYS 234,,,,
PHYS - Physics,Experiments in Modern Physics,PHYS 234,1,200,PHYS 140 or PHYS 118,PHYS 232,,,,
PHYS - Physics,Electronics ,PHYS 252,3,200,"PHYS 130 or PHYS 117, PHYS 140 or PHYS 118, MATH 120",None,,,,
PHYS - Physics,Heat and Thermodynamics ,PHYS 262,3,200,"PHYS 130 or PHYS 117, PHYS 140 or PHYS 118, MATH 120",None,,,,
PHYS - Physics,Biophysics ,PHYS 323,3,300,None,PHYS 323L,,,,
PHYS - Physics,Biophysics Laboratory,PHYS 323L,1,300,None,PHYS 323,,,,
PHYS - Physics,Biophysics Seminar,PHYS 324,1,300,"PHYS 323, PHYS 323L",None,,,,
PHYS - Physics,Introduction to Astrophysics,PHYS 330,3,300,PHYS 130,MATH 130,,,,
PHYS - Physics,Methods in Theoretical Physics,PHYS 340,3,300,None,None,,,,
PHYS - Physics,Theoretical Mechanics,PHYS 341,3,300,"PHYS 130 or PHYS 117, PHYS 140 or PHYS 118, MATH 120",None,,,,
PHYS - Physics,Intermediate Electricity and Magnetism,PHYS 351,3,300,"PHYS 130 or PHYS 117, PHYS 140 or PHYS 118, MATH 210",None,,,,
PHYS - Physics,Introduction to Materials Science,PHYS 359,3,300,"PHYS 130 or PHYS 117, PHYS 140 or PHYS 118, MATH 130",None,,,,
PHYS - Physics,Special Problems in Experimental Physics,PHYS 381,2 to 3,300,"PHYS 130 or PHYS 117, PHYS 140 or PHYS 118, MATH 210",None,,,,
PHYS - Physics,Special Problems in Theoretical Physics,PHYS 382,2 to 3,300,"PHYS 130 or PHYS 117, PHYS 140 or PHYS 118, MATH 210",None,,,,
PHYS - Physics,Topics In High Energy Astrophysics,PHYS 430,3,400,PHYS 330,None,,,,
PHYS - Physics,Solid State Physics,PHYS 441,3,400,"PHYS 130 or PHYS 117, PHYS 140 or PHYS 118, MATH 210",None,,,,
PHYS - Physics,Quantum Mechanics,PHYS 451,3,400,"PHYS 341, MATH 210",None,,,,
PHYS - Physics,Introduction to Modern Optics,PHYS 472,3,400,"PHYS 130 or PHYS 117, PHYS 140 or PHYS 118, MATH 210",None,,,,
PHYS - Physics,Senior Seminar,PHYS 490,1,400,None,None,,,,
PSCI - Political Science,Introduction to Political Science,PSCI 111,3,100,None,None,,,,
PSCI - Political Science,American Political Systems,PSCI 122,3,100,None,None,,,,
PSCI - Political Science,Introduction to Public Administration,PSCI 130,3,100,None,None,,,,
PSCI - Political Science,Admiinistrative Behavior,PSCI 205,3,200,None,None,,,,
PSCI - Political Science,Public Policy Analysis,PSCI 212,3,200,None,None,,,,
PSCI - Political Science,Public Personnel Administration,PSCI 216,3,200,None,None,,,,
PSCI - Political Science,International Politics ,PSCI 221,3,200,None,None,,,,
PSCI - Political Science,American Foreign Policy,PSCI 228,3,200,None,None,,,,
PSCI - Political Science,Classical Political Theory,PSCI 231,3,200,None,None,,,,
PSCI - Political Science,Modern Political Theory,PSCI 232,3,200,None,None,,,,
PSCI - Political Science,African-American Political Thought,PSCI 245,3,200,None,None,,,,
PSCI - Political Science,Judicial Process,PSCI 252,3,200,None,None,,,,
PSCI - Political Science,Politics in the Black Community,PSCI 254,3,200,None,None,,,,
PSCI - Political Science,American Constitutional Law,PSCI 305,3,300,Junior or Instructor Permission,None,,,,
PSCI - Political Science,Internship in Political Science,PSCI 310,3 to 12,300,Junior,None,,,,
PSCI - Political Science,Public Financial Administration,PSCI 314,3,300,None,None,,,,
PSCI - Political Science,Selected Topics in Political Science ,PSCI 320,3,300,None,None,,,,
PSCI - Political Science,International Law and organization,PSCI 321,3,300,None,None,,,,
PSCI - Political Science,Independent Study in Political Science,PSCI 340,3,300,None,None,,,,
PSCI - Political Science,Administrative Law,PSCI 342,3,300,None,None,,,,
PSCI - Political Science,African Political Systems,PSCI 406,3,400,None,None,,,,
PSCI - Political Science,Senior Seminar,PSCI 442,3,400,Senior,None,,,,
PSY - Psychology,General Psychology,PSY 180,3,100,None,None,,,,
PSY - Psychology,Child and Adolescent Development,PSY 205,3,200,PSY 180,None,,,,
PSY - Psychology,Biological Psychology,PSY 217,3,200,PSY 180,None,,,,
PSY - Psychology,Introduction to Personality,PSY 221,3,200,PSY 180,None,,,,
PSY - Psychology,Psychological Assessment ,PSY 224,3,200,"PSY 180, HSS 280",None,,,,
PSY - Psychology,Psychology of Women and Gender,PSY 231,3,200,PSY 180,None,,,,
PSY - Psychology,Psychology of Women and Gender Honors,PSY 231H,3,200,PSY 180,None,,,,
PSY - Psychology,Organizational Psychology,PSY 256,3,200,PSY 180,None,,,,
PSY - Psychology,Learning and Cognition,PSY 262,3,200,"PSY 180, HSS 280",None,,,,
PSY - Psychology,Experimental and Quasi-Research Experimental Designs in Psychology,PSY 310,3,300,PSY 180,None,,,,
PSY - Psychology,Social Psychology ,PSY 341,3,300,PSY 180,None,,,,
PSY - Psychology,Abnormal Psychology,PSY 348,3,300,PSY 180,None,,,,
PSY - Psychology,Field Placement,PSY 374,3,300,PSY 180,None,,,,
PSY - Psychology,Special Topics in Psychology ,PSY 380,3,300,PSY 180,None,,,,
PSY - Psychology,Psychology of Race and Ethnicity,PSY 380R,3,300,PSY 180,None,Summer II,,,
PSY - Psychology,Independent Readings and Research ,PSY 450,1 to 3,400,None,None,,,,
PSY - Psychology,Senior Seminar,PSY 481,3,400,Senior,None,,,,
SOC - Sociology,Introduction to Sociology,SOC 100,3,400,None,None,,,,
SOC - Sociology,Family Life,SOC 101,3,100,None,None,,,,
SOC - Sociology,Relations between Men and Women,SOC 108,3,100,None,None,,,,
SOC - Sociology,Social Problems,SOC 115,3,100,None,None,,,,
SOC - Sociology,Urban Sociology,SOC 206,3,200,None,None,,,,
SOC - Sociology,Environmental Justice,SOC 220,3,200,None,None,,,,
SOC - Sociology,"Media, Society, and Culture",SOC 245,3,200,None,None,,,,
SOC - Sociology,Deviance and Social Control,SOC 254,3,200,None,None,,,,
SOC - Sociology,Women and Crime,SOC 260,3,200,None,None,,,,
SOC - Sociology,"Life Cycle, Adulthood, and Aging",SOC 282,3,200,None,None,,,,
SOC - Sociology,Research Methods,SOC 290,3,200,None,None,,,,
SOC - Sociology,Demography,SOC 326,3,300,"SOC 100, CORE 130 or MATH",None,,,,
SOC - Sociology,Social Psychology ,SOC 342,3,300,SOC 100,None,,,,
SOC - Sociology,Environmental Justice,SOC 345,3,300,SOC 100,None,,,,
SOC - Sociology,Social Movements and Social Change,SOC 347,3,300,None,None,,,,
SOC - Sociology,Criminology,SOC 351,3,300,None,None,,,,
SOC - Sociology,African and Americas,SOC 352,3,300,SOC 100,None,,,,
SOC - Sociology,Juvenile Delinquency,SOC 355,3,300,None,None,,,,
SOC - Sociology,Law and Society,SOC 358,3,300,None,None,,,,
SOC - Sociology,Special Topics in Sociology,SOC 360,3,300,None,None,,,,
SOC - Sociology,Medical Sociology,SOC 365,3,300,None,None,,,,
SOC - Sociology,Practicum I,SOC 370,3,300,Junior,None,,,,
SOC - Sociology,Classical Sociological Theory,SOC 373,3,300,SOC 100,None,,,,
SOC - Sociology,Sociological Theory,SOC 374,3,300,SOC 100,None,,,,
SOC - Sociology,Social Dimensions of Disaster,SOC 375,3,300,None,None,,,,
SOC - Sociology,Race and Ethnicity,SOC 376,3,300,SOC 100,None,,,,
SOC - Sociology,Independent Readings and Research ,SOC 380,1 to 3,300,SOC 100,None,,,,
SOC - Sociology,Practicum II,SOC 390,3,300,None,None,,,,
SOC - Sociology,Senior Seminar ,SOC 499,3,400,"SOC 100, HSS 280, SOC 374",None,,,,
SOC - Sociology,Senior Seminar,SOC 499M,3,400,"SOC 100, SOC 374",None,,,,
SOJ - Social Justice,Introduction to Social Justice,SOJ 100,3,100,None,None,,,,
SPAN - Spanish,Elementary Spanish I,SPAN 101,3,100,None,None,,,,
SPAN - Spanish,Elementary Spanish II,SPAN 102,3,100,None,None,,,,
SPAN - Spanish,Intensive Intermediate Spanish,SPAN 200,3,100,SPAN 101,None,,,,
SPAN - Spanish,Spanish for the Health Care Professional,SPAN 300,3,200,SPAN 102,None,,,,
SPAN - Spanish,Language and Culture,SPAN 310,3,300,SPAN 200,None,,,,
SPAN - Spanish,Conversation and Composition in Spanish I,SPAN 311,3,300,SPAN 200,None,,,,
SPAN - Spanish,Conversation and Composition in Spanish II,SPAN 312,3,300,SPAN 200,None,,,,
SPAN - Spanish,Survey of Spanish Literature I,SPAN 313,3,300,SPAN 311,None,,,,
SPAN - Spanish,Survey of Spanish Literature II,SPAN 314,3,300,SPAN 312,None,,,,
SPAN - Spanish,Business Language,SPAN 320,3,300,SPAN 313,None,,,,
SPAN - Spanish,Independent Study in Spanish,SPAN 330,3,300,SPAN 200,None,,,,
SPAN - Spanish,Survey of Latin American Literature,SPAN 340,1 to 3,300,Instructor Permission,None,,,,
SPAN - Spanish,Caribbean Literature,SPAN 350,3,300,SPAN 312,None,,,,
SPAN - Spanish,The Golden Age of Spanish Literature,SPAN 360,3,300,SPAN 312,None,,,,
SPAN - Spanish,20th Century Spanish Literature,SPAN 370,3,300,SPAN 312,None,,,,
SPAN - Spanish,Seminar,SPAN 380,3,300,SPAN 312,None,,,,
SPED - Special Education,Introduction to Special Education,SPED 210,3,300,SPAN 312,None,,,,
SPED - Special Education,Professional Aspects of Special Education,SPED 270,3,200,None,None,,,,
SPED - Special Education,Practical Application of Special Education ,SPED 280,3,200,None,None,,,,
SPED - Special Education,Characteristics and Needs of Exceptional Children,SPED 310,3,200,Field Experience ,None,,,,
SPED - Special Education,Nature of Learning Disabled Children ,SPED 311,3,300,Field Experience ,None,,,,
SPED - Special Education,Nature of Learning Disabled Children (Summer)  ,SPED 311BL,3,300,None,None,,,,
SPED - Special Education,Techniques and Strategies,SPED 350,3,300,"EDUC 250, EDUC 260, SPED 210",None,,,,
SPED - Special Education,Managing Inappropriate Classroom Behavior,SPED 360,3,300,Field Experience ,None,,,,
SPED - Special Education,Procedures for Teaching the Gifted ,SPED 400,3,300,None,None,,,,
SPED - Special Education,Assessment in Special Education,SPED 410,3,400,Field Experience ,None,,,,
SPED - Special Education,Integrating Technology in Special Education,SPED 420,3,400,Field Experience ,None,,,,
SPED - Special Education,Student Teaching of Exceptional Children,SPED 480,3,400,None,None,,,,
SW - Social Work,Introduction to Social Work,SW 204,9,400,"Completion of course requirements, admission to the Teacher Education Program",None,,,,
SW - Social Work,Interviewing and Counseling Techniques,SW 215,3,200,None,None,,,,
SW - Social Work,Understanding Human Diversity,SW 230,3,200,None,None,,,,
SW - Social Work,Social Welfare Policies and Services I,SW 255,3,200,None,None,,,,
SW - Social Work,Human Behavior and the Social Environment I: Infancy through Adolescence,SW 270,3,200,None,None,,,,
SW - Social Work,"Generalist Practice I: Individuals, Families and Groups",SW 360,3,200,None,None,,,,
SW - Social Work,Social Welfare Policies and Services II,SW 378,3,300,None,None,,,,
SW - Social Work,Human Behavior and the Social Environment I: Iadulthood,SW 389,3,300,SW 255,None,,,,
SW - Social Work,Social Work Research Methods,SW 399,3,300,None,None,,,,
SW - Social Work,Generalist Practice II: Organizations and Communities,SW 448,3,300,None,None,,,,
SW - Social Work,Social Work Field Experience and Seminar I,SW 485,3,400,SW 360,None,,,,
SW - Social Work,Social Work Field Experience and Seminar II,SW 486,6,400,None,None,,,,
,,,6,400,None,None,,,,
