Course,Pre-Requisites
ACC 230,MATH 101
ACC 240,ACC 230
ACC 300,ACC 310
ACC 310,ACC 240
ACC 320,ACC 310
ACC 330,ACC 230
ACC 350,"BAD 110, ACC 240"
ACC 410,ACC 320
ACC 430,ACC 240
ACC 440,ACC 320
ART 102,ART 101
BAD 200,MATH 110
BAD 250,"HIS 270, HIS 180, CORE 150, ENG 275"
BAD 260,MATH 101
BAD 320,ECON 230
BIOL 102,"BIOL 101, BIOL 101L"
BIOL 102L,"BIOL 101, BIOL 101L"
BIOL 212,"BIOL 101, BIOL 101L"
BIOL 212L,"BIOL 101, BIOL 101L"
BIOL 220,"BIOL 101, BIOL 101L"
BIOL 220L,"BIOL 101, BIOL 101L"
BIOL 221,"BIOL 101, BIOL 101L"
BIOL 221L,"BIOL 101, BIOL 101L"
BIOL 222,"BIOL 221, BIOL 221L"
BIOL 222L,"BIOL 221, BIOL 221L"
BIOL 242,"BIOL 101, BIOL 101L"
BIOL 242L,"BIOL 101, BIOL 101L"
BIOL 255,"BIOL 101, BIOL 101L"
BIOL 255L,"BIOL 101, BIOL 101L"
BIOL 256,"BIOL 101, BIOL 101L"
BIOL 256L,"BIOL 101, BIOL 101L"
BIOL 270,"BIOL 101, CHEM 203, BIOL 101L, CHEM 233"
BIOL 270L,"CHEM 234, BIOL 101, CHEM 203, BIOL 101L"
BIOL 286,"BIOL 101, BIOL 102, MATH 110"
BIOL 286L,"BIOL 101, BIOL 103, MATH 110"
BIOL 305,"BIOL 101, CHEM 203, BIOL 101L, CHEM 233"
BIOL 305L,"CHEM 234, BIOL 101, CHEM 203, BIOL 101L"
BIOL 313,"CHEM 234, BIOL 102L, BIOL 102, CHEM 204"
BIOL 313L,"CHEM 234, BIOL 102L, CHEM 205, BIOL 102"
BIOL 343,"CHEM 234, BIOL 313, BIOL 305"
BIOL 343L,"BIOL 313, CHEM 235, BIOL 305"
BIOL 344,"BIOL 313, BIOL 305, BIOL 343"
BIOL 344L,"BIOL 344, BIOL 313, BIOL 305, BIOL 343"
BIOL 350,"BIOL 101, CHEM 203, BIOL 101L, CHEM 233"
BIOL 360,"BIOL 350L, BIOL 350"
BIOL 360L,"BIOL 350L, BIOL 350"
BIOL 410,"NSCI 361L, BIOL 313, NSCI 361, BIOL 313L"
BIOL 410L,"NSCI 361L, BIOL 313, NSCI 361, BIOL 313L"
BIOL 420,"BIOL 221, BIOL 222"
BIOL 420L,"BIOL 221, BIOL 222"
BIOL 440,"BIOL 101, BIOL 410, BIOL 360"
BIOL 440L,"BIOL 101, BIOL 410, BIOL 360"
BIOL 450,"BIOL 420L, BIOL 420"
BIOL 450L,"BIOL 420L, BIOL 420"
CHEM 104,"CHEM 113, CHEM 103"
CHEM 114,"CHEM 113, CHEM 103"
CHEM 204,"CHEM 203, CHEM 233"
CHEM 206,"CHEM 234, CHEM 233"
CHEM 233,"CHEM 114, CHEM 104"
CHEM 234,"CHEM 234, CHEM 233"
CHEM 316,CHEM 342
CHEM 341,"CHEM 114, MATH 120"
CHEM 341L,"CHEM 114, MATH 120"
CHEM 342,CHEM 341
CHEM 342L,CHEM 341
CHEM 470,CHEM 342
CORE 160,CORE 150
CORE 201,CORE 160
CORE 240,CORE 131
CORE 260,CORE 160
CORE 360,CORE 260
CRJ 210,CRJ 200
CRJ 220,CRJ 200
CRJ 300,"CRJ 200, HSS 280"
CRJ 342,CRJ 200
CRJ 365,CRJ 200
CRJ 374,CRJ 200
CRJ 384,CRJ 200
CRJ 385,CRJ 200
CSCI 110,MATH 110
CSCI 120,CSCI 110
CSCI 230,CSCI 120
CSCI 241,CSCI 120
CSCI 261,"CSCI 230, CSCI 241"
CSCI 282,"CSCI 230, CSCI 241"
CSCI 286,MATH 110
CSCI 291,"CSCI 241, MATH 125"
CSCI 312,CSCI 241
CSCI 320,"CSCI 120, MATH 130"
CSCI 360,CSCI 230
CSCI 370,CSCI 241
CSCI 380,"MATH 240, CSCI 241, MATH 130"
ECON 230,MATH 101
ECON 240,MATH 101
ECON 300,"ECON 240, BAD 200, BAD 260, ECON 230"
ECON 330,"BAD 260, MATH 101, ECON 230"
ECON 340,"MATH 120, BAD 200, ECON 240"
ECON 340A,ECON 230
ECON 350,"ECON 240, ECON 230"
ECON 370,"ECON 240, BAD 200, BAD 260, ECON 230"
ECON 400,"ECON 340, ECON 330"
ECON 400R,"ECON 340, ECON 330"
ECON 450,"ECON 240, ECON 230"
EDUC 320,"PSY 205, EDUC 250"
EDUC 320BL,"PSY 205, EDUC 250, EDUC 260"
EDUC 330,"PSY 205, EDUC 250"
EDUC 340,"PSY 205, EDUC 250"
EDUC 340BL,"PSY 205, EDUC 250, EDUC 260"
EDUC 350,"PSY 205, EDUC 250"
EDUC 400,"EDUC 330, EDUC 320"
EDUC 400N,"EDUC 330, EDUC 320"
EDUC 450,"EDUC 350, EDUC 340"
EDUC 450N,"EDUC 350, EDUC 340"
EDUC 460M,EDUC 340
ENG 222,ENG 220
ENG 224,ENG 220
ENG 226,ENG 220
ENG 232,ENG 230
ENG 234,ENG 230
ENG 236,ENG 230
ENG 240F,CORE 110
ENG 290,"CORE 160, CORE 150"
ENG 332,ENG 330
ENG 334,ENG 330
ENG 336,ENG 330
FIN 310,ACC 240
FIN 320,"BAD 260, ACC 240, ECON 230"
FIN 330,FIN 320
FIN 350,"ECON 240, FIN 320, ECON 230"
FIN 350A,"ECON 300, ECON 240, ECON 230"
FIN 350B,"FIN 350A, ECON 300"
FIN 370,FIN 320
FIN 410,FIN 320
FIN 420,FIN 320
FLM 261,FLM 260
FREN 102,FREN 101
FREN 200,FREN 102
FREN 301,FREN 200
FREN 302,FREN 200
FREN 311,FREN 200
FREN 312,FREN 200
FREN 330,FREN 311
FREN 350,"FREN 312, FREN 311"
HCA 210,HCA 201
HCA 310,"ECON 240, HCA 201, ECON 230"
HCA 320,HCA 201
HCA 421,"BAD 260, HCA 201"
HCA 490,"BAD 260, HCA 201"
HIS 270,"HIS 180, CORE 150, ENG 275"
HSS 280,CORE 130
KINS 370,"KINS 132, BIOL 221"
KINS 375,"KINS 132, BIOL 101"
MATH 101,MATH 100
MATH 110,MATH 101
MATH 120,MATH 110
MATH 121,MATH 110
MATH 125,MATH 110
MATH 130,MATH 120
MATH 200S,"MATH 220, CORE 130, MATH 101"
MATH 202,MATH 130
MATH 210,MATH 130
MATH 220,MATH 120
MATH 240,MATH 130
MATH 270,MATH 130
MATH 320,MATH 240
MATH 353,MATH 240
MGT 320,MGT 280
MGT 330,BAD 260
MGT 340,MGT 280
MGT 350,MGT 280
MGT 422,BAD 320
MKT 420,MKT 300
MUS 052X,MUS 050X
MUS 053X,MUS 052X
MUS 054X,MUS 053X
MUS 060B,MUS 250B
MUS 101,MUS 100
MUS 120,"MUS 100, CSCI 100"
MUS 160A,MUS 060B
MUS 160B,MUS 060B
MUS 201,MUS 102
MUS 202,MUS 102
MUS 250A,"MUS 150B, MUS 150A"
MUS 250B,"MUS 150B, MUS 150A"
MUS 251,MUS 152
MUS 252,MUS 152
MUS 253,MUS 152
MUS 254,MUS 152
MUS 260A,MUS 160B
MUS 260B,MUS 160B
MUS 261,MUS 162
MUS 262,MUS 162
MUS 263,MUS 162
MUS 264,MUS 162
MUS 270A,MUS 170B
MUS 270B,MUS 170B
MUS 271,MUS 172
MUS 272,MUS 172
MUS 273,MUS 172
MUS 274,MUS 172
MUS 355,MUS 254
MUS 356,MUS 254
MUS 361,MUS 262
MUS 362,MUS 262
MUS 365,MUS 254
MUS 366,MUS 254
MUS 371,"MUS 272, MUS 157, MUS 158"
MUS 372,"MUS 272, MUS 157, MUS 158"
MUS 375,MUS 274
MUS 376,MUS 274
MUS 451,MUS 352
MUS 452,MUS 352
MUS 455,MUS 356
MUS 456,MUS 356
MUS 461,MUS 362
MUS 462,MUS 362
MUS 465,MUS 366
MUS 466,MUS 366
MUS 471,MUS 372
MUS 472,MUS 372
MUS 475,MUS 376
MUS 476,MUS 376
NSCI 286,"BIOL 101, BIOL 102, MATH 110"
NSCI 324,"NSCI 323, NSCI 323L"
NSCI 360,MATH 130
NSCI 361,CHEM 234
NSCI 362,NSCI 361
NSCI 391S,NSCI 390S
PHYS 117,MATH 110
PHYS 117L,MATH 110
PHYS 118,PHYS 117
PHYS 118L,PHYS 117
PHYS 130,MATH 110
PHYS 130L,MATH 110
PHYS 140,PHYS 130
PHYS 140L,PHYS 130
PHYS 232,"PHYS 140, PHYS 118"
PHYS 234,"PHYS 140, PHYS 118"
PHYS 252,"PHYS 140, PHYS 117, PHYS 118, PHYS 130, MATH 120"
PHYS 262,"PHYS 140, PHYS 117, PHYS 118, PHYS 130, MATH 120"
PHYS 324,"PHYS 323, PHYS 323L"
PHYS 330,PHYS 130
PHYS 341,"PHYS 140, PHYS 117, PHYS 118, PHYS 130, MATH 120"
PHYS 351,"PHYS 140, PHYS 117, PHYS 118, PHYS 130, MATH 210"
PHYS 359,"PHYS 140, PHYS 117, PHYS 118, MATH 130, PHYS 130"
PHYS 381,"PHYS 140, PHYS 117, PHYS 118, PHYS 130, MATH 210"
PHYS 382,"PHYS 140, PHYS 117, PHYS 118, PHYS 130, MATH 210"
PHYS 430,PHYS 330
PHYS 441,"PHYS 140, PHYS 117, PHYS 118, PHYS 130, MATH 210"
PHYS 451,"MATH 210, PHYS 341"
PHYS 472,"PHYS 140, PHYS 117, PHYS 118, PHYS 130, MATH 210"
PSY 205,PSY 180
PSY 217,PSY 180
PSY 221,PSY 180
PSY 224,"PSY 180, HSS 280"
PSY 231,PSY 180
PSY 231H,PSY 180
PSY 256,PSY 180
PSY 262,"PSY 180, HSS 280"
PSY 310,PSY 180
PSY 341,PSY 180
PSY 348,PSY 180
PSY 374,PSY 180
PSY 380,PSY 180
PSY 380R,PSY 180
SOC 326,"CORE 130, SOC 100"
SOC 342,SOC 100
SOC 345,SOC 100
SOC 352,SOC 100
SOC 373,SOC 100
SOC 374,SOC 100
SOC 376,SOC 100
SOC 380,SOC 100
SOC 499,"SOC 374, SOC 100, HSS 280"
SOC 499M,"SOC 374, SOC 100"
SPAN 200,SPAN 101
SPAN 300,SPAN 102
SPAN 310,SPAN 200
SPAN 311,SPAN 200
SPAN 312,SPAN 200
SPAN 313,SPAN 311
SPAN 314,SPAN 312
SPAN 320,SPAN 313
SPAN 330,SPAN 200
SPAN 350,SPAN 312
SPAN 360,SPAN 312
SPAN 370,SPAN 312
SPAN 380,SPAN 312
SPED 210,SPAN 312
SPED 350,"SPED 210, EDUC 250, EDUC 260"
SW 389,SW 255
SW 485,SW 360
