Course,Parsed_Prereqs
ACC 230,[['MATH 101']]
ACC 240,[['ACC 230']]
ACC 300,[['ACC 310']]
ACC 310,[['ACC 240']]
ACC 320,[['ACC 310']]
ACC 330,[['ACC 230']]
ACC 350,"[['ACC 240'], ['BAD 110']]"
ACC 410,[['ACC 320']]
ACC 420,[['INSTRUCTOR PERMISSION']]
ACC 430,[['ACC 240']]
ACC 440,[['ACC 320']]
AERO 1012,[['NAN']]
AERO 1013L,[['NAN']]
AERO 2012,[['NAN']]
AERO-2013L,[['NAN']]
AERO 3515,[['NAN']]
AERO-3516L,[['NAN']]
AERO 4515,[['NAN']]
AERO-4516L,[['NAN']]
ART 101,[['NAN']]
ART 102,[['ART 101']]
ART 111,[['NAN']]
ART 112,[['NAN']]
ART 115,[['NAN']]
ART 201,[['NAN']]
ART 202,[['NAN']]
ART 207,[['NAN']]
ART 208,[['NAN']]
ART 213,[['NAN']]
ART 214,[['NAN']]
ART 215,[['NAN']]
ART 216,[['NAN']]
ART 227,[['NAN']]
ART 228,[['NAN']]
ART 250,[['NAN']]
ART 291,[['NAN']]
ART 292,[['NAN']]
ART 301,[['NAN']]
ART 302,[['NAN']]
ART 400,[['NAN']]
ART 401,[['NAN']]
ART 402,[['NAN']]
BAD 110,[['NAN']]
BAD 200,[['MATH 110']]
BAD 220,[['NAN']]
BAD 230,[['NAN']]
BAD 250,"[['CORE 150'], ['ENG 275', 'HIS 270', 'HIS 180']]"
BAD 260,[['MATH 101']]
BAD 320,[['ECON 230']]
BAD 399,[['NAN']]
BAD 490,[['NAN']]
BIOL 101,[['NAN']]
BIOL 101L,[['NAN']]
BIOL 102,"[['BIOL 101'], ['BIOL 101L']]"
BIOL 102L,"[['BIOL 101'], ['BIOL 101L']]"
BIOL 212,"[['BIOL 101'], ['BIOL 101L']]"
BIOL 212L,"[['BIOL 101'], ['BIOL 101L']]"
BIOL 220,"[['BIOL 101'], ['BIOL 101L']]"
BIOL 220L,"[['BIOL 101'], ['BIOL 101L']]"
BIOL 221,"[['BIOL 101'], ['BIOL 101L']]"
BIOL 221L,"[['BIOL 101'], ['BIOL 101L']]"
BIOL 222,"[['BIOL 221'], ['BIOL 221L']]"
BIOL 222L,"[['BIOL 221'], ['BIOL 221L']]"
BIOL 242,"[['BIOL 101'], ['BIOL 101L']]"
BIOL 242L,"[['BIOL 101'], ['BIOL 101L']]"
BIOL 255,"[['BIOL 101'], ['BIOL 101L']]"
BIOL 255L,"[['BIOL 101'], ['BIOL 101L']]"
BIOL 256,"[['BIOL 101'], ['BIOL 101L']]"
BIOL 256L,"[['BIOL 101'], ['BIOL 101L']]"
BIOL 270,"[['BIOL 101'], ['BIOL 101L'], ['CHEM 203'], ['CHEM 233']]"
BIOL 270L,"[['BIOL 101'], ['BIOL 101L'], ['CHEM 203'], ['CHEM 234']]"
BIOL 280,[['NAN']]
BIOL 285,[['NAN']]
BIOL 285L,[['NAN']]
BIOL 286,"[['MATH 110'], ['BIOL 101'], ['BIOL 102']]"
BIOL 286L,"[['MATH 110'], ['BIOL 101'], ['BIOL 103']]"
BIOL 290,[['NAN']]
BIOL 291,[['NAN']]
BIOL 292,[['NAN']]
BIOL 293,[['NAN']]
BIOL 305,"[['BIOL 101'], ['BIOL 101L'], ['CHEM 203'], ['CHEM 233']]"
BIOL 305L,"[['BIOL 101'], ['BIOL 101L'], ['CHEM 203'], ['CHEM 234']]"
BIOL 313,"[['BIOL 102'], ['BIOL 102L'], ['CHEM 234'], ['CHEM 204']]"
BIOL 313L,"[['BIOL 102'], ['BIOL 102L'], ['CHEM 234'], ['CHEM 205']]"
BIOL 343,"[['BIOL 305'], ['BIOL 313'], ['CHEM 234']]"
BIOL 343L,"[['BIOL 305'], ['BIOL 313'], ['CHEM 235']]"
BIOL 344,"[['BIOL 343'], ['BIOL 305'], ['BIOL 313'], ['BIOL 343']]"
BIOL 344L,"[['BIOL 343'], ['BIOL 305'], ['BIOL 313'], ['BIOL 344']]"
BIOL 350,"[['BIOL 101'], ['BIOL 101L'], ['CHEM 233'], ['CHEM 203']]"
BIOL 350L,[['NAN']]
BIOL 360,"[['BIOL 350'], ['BIOL 350L']]"
BIOL 360L,"[['BIOL 350'], ['BIOL 350L']]"
BIOL 370,[['NAN']]
BIOL 370L,[['NAN']]
BIOL 390,[['NAN']]
BIOL 390H,[['HONORS WITH 3.0 GPA']]
BIOL 391,[['NAN']]
BIOL 392,[['NAN']]
BIOL 393,[['NAN']]
BIOL 394,[['NAN']]
BIOL 410,"[['BIOL 313'], ['BIOL 313L', 'NSCI 361'], ['NSCI 361L']]"
BIOL 410L,"[['BIOL 313'], ['BIOL 313L', 'NSCI 361'], ['NSCI 361L']]"
BIOL 420,"[['BIOL 221'], ['BIOL 222 AND', 'INSTRUCTOR PERMISSION']]"
BIOL 420L,"[['BIOL 221'], ['BIOL 222 AND', 'INSTRUCTOR PERMISSION']]"
BIOL 440,"[['BIOL 101'], ['BIOL 360', 'BIOL 410']]"
BIOL 440L,"[['BIOL 101'], ['BIOL 360', 'BIOL 410']]"
BIOL 450,"[['BIOL 420'], ['BIOL 420L']]"
BIOL 450L,"[['BIOL 420'], ['BIOL 420L']]"
BIOL 497,[['NAN']]
BIOL 498,[['NAN']]
CHEM 103,[['NAN']]
CHEM 104,"[['CHEM 103'], ['CHEM 113']]"
CHEM 113,[['NAN']]
CHEM 114,"[['CHEM 103'], ['CHEM 113']]"
CHEM 203,[['NAN']]
CHEM 204,"[['CHEM 203'], ['CHEM 233']]"
CHEM 206,"[['CHEM 233'], ['CHEM 234']]"
CHEM 233,"[['CHEM 114'], ['CHEM 104']]"
CHEM 234,"[['CHEM 233'], ['CHEM 234']]"
CHEM 316,[['CHEM 342']]
CHEM 341,"[['CHEM 114'], ['MATH 120']]"
CHEM 341L,"[['CHEM 114'], ['MATH 120']]"
CHEM 342,[['CHEM 341']]
CHEM 342L,[['CHEM 341']]
CHEM 355,[['NAN']]
CHEM 356,[['NAN']]
CHEM 401,[['NAN']]
CHEM 402,[['NAN']]
CHEM 450,[['NAN']]
CHEM 457,[['NAN']]
CHEM 470,[['CHEM 342']]
CHEM 470L,[['NAN']]
CORE 100,[['NAN']]
CORE 120,[['NAN']]
CORE 131,[['NAN']]
CORE 132,[['NAN']]
CORE 140,[['NAN']]
CORE 150,[['NAN']]
CORE 160,[['CORE 150']]
CORE 201,[['CORE 160']]
CORE 210,[['NAN']]
CORE 220,[['NAN']]
CORE 240,[['CORE 131']]
CORE 260,[['CORE 160']]
CORE 360,[['CORE 260']]
CRJ 200,[['NAN']]
CRJ 210,[['CRJ 200']]
CRJ 220,[['CRJ 200']]
CRJ 260,[['NAN']]
CRJ 300,"[['HSS 280'], ['CRJ 200']]"
CRJ 342,[['CRJ 200']]
CRJ 365,[['CRJ 200']]
CRJ 374,[['CRJ 200']]
CRJ 384,[['CRJ 200']]
CRJ 385,[['CRJ 200']]
CRJ 499,[['NAN']]
CSCI 100,[['NAN']]
CSCI 110,[['MATH 110']]
CSCI 110L,[['NAN']]
CSCI 120,[['CSCI 110']]
CSCI 120L,[['NAN']]
CSCI 210,[['NAN']]
CSCI 230,[['CSCI 120']]
CSCI 230L,[['NAN']]
CSCI 241,[['CSCI 120']]
CSCI 241L,[['NAN']]
CSCI 261,"[['CSCI 230'], ['CSCI 241']]"
CSCI 261L,[['NAN']]
CSCI 280,[['NAN']]
CSCI 280L,[['NAN']]
CSCI 282,"[['CSCI 230'], ['CSCI 241']]"
CSCI 282L,[['NAN']]
CSCI 285,[['NAN']]
CSCI 285L,[['NAN']]
CSCI 286,[['MATH 110']]
CSCI 291,"[['CSCI 241'], ['MATH 125']]"
CSCI 310,[['NAN']]
CSCI 312,[['CSCI 241']]
CSCI 312L,[['NAN']]
CSCI 320,"[['CSCI 120'], ['MATH 130']]"
CSCI 360,[['CSCI 230']]
CSCI 370,[['CSCI 241']]
CSCI 380,"[['CSCI 241'], ['MATH 130'], ['MATH 240']]"
CSCI 380L,[['NAN']]
CSCI 390,[['NAN']]
CSCI 390M,[['NAN']]
CSCI 398,[['NAN']]
CSCI 411,[['NAN']]
CSCI 412,[['NAN']]
ECON 230,[['MATH 101']]
ECON 240,[['MATH 101']]
ECON 300,"[['BAD 200'], ['BAD 260'], ['ECON 230'], ['ECON 240']]"
ECON 330,"[['ECON 230'], ['MATH 101'], ['BAD 260']]"
ECON 340,"[['ECON 240'], ['BAD 200', 'MATH 120']]"
ECON 340A,[['ECON 230']]
ECON 350,"[['ECON 230'], ['ECON 240']]"
ECON 370,"[['ECON 230'], ['ECON 240'], ['BAD 200'], ['BAD 260']]"
ECON 400,"[['ECON 330'], ['ECON 340']]"
ECON 400R,"[['ECON 330'], ['ECON 340']]"
ECON 450,"[['ECON 230'], ['ECON 240']]"
EDUC 100,[['NAN']]
EDUC 248,[['NAN']]
EDUC 250,[['NAN']]
EDUC 260,[['NAN']]
EDUC 310,[['NAN']]
EDUC 320,"[['EDUC 250'], ['PSY 205'], ['ADMISSION TO THE ELEMENTARY TEACHER EDUCATION PROGRAM']]"
EDUC 320BL,"[['EDUC 250'], ['EDUC 260'], ['PSY 205']]"
EDUC 330,"[['EDUC 250'], ['PSY 205'], ['ADMISSION TO THE ELEMENTARY TEACHER EDUCATION PROGRAM']]"
EDUC 340,"[['EDUC 250'], ['PSY 205'], ['ADMISSION TO THE SECONDARY TEACHER EDUCATION PROGRAM']]"
EDUC 340BL,"[['EDUC 250'], ['EDUC 260'], ['PSY 205']]"
EDUC 350,"[['EDUC 250'], ['PSY 205'], ['ADMISSION TO THE SECONDARY TEACHER EDUCATION PROGRAM']]"
EDUC 360,[['NAN']]
EDUC 400,"[['EDUC 320'], ['EDUC 330'], ['ADMISSION TO THE ELEMENTARY TEACHER EDUCATION PROGRAM']]"
EDUC 400N,"[['EDUC 320'], ['EDUC 330']]"
EDUC 410,[['NAN']]
EDUC 450,"[['EDUC 340'], ['EDUC 350'], ['ADMISSION TO THE SECONDARY TEACHER EDUCATION PROGRAM']]"
EDUC 450N,"[['EDUC 340'], ['EDUC 350']]"
EDUC 460,[['NAN']]
EDUC 460M,[['EDUC 340']]
ENG 146,[['NAN']]
ENG 150,[['NAN']]
ENG 180,[['NAN']]
ENG 220,[['NAN']]
ENG 222,[['ENG 220']]
ENG 224,[['ENG 220']]
ENG 226,[['ENG 220']]
ENG 232,[['ENG 230']]
ENG 234,[['ENG 230']]
ENG 236,[['ENG 230']]
ENG 240,[['NAN']]
ENG 240F,[['CORE 110']]
ENG 265,[['NAN']]
ENG 275,[['NAN']]
ENG 276,[['NAN']]
ENG 280,[['NAN']]
ENG 290,"[['CORE 150'], ['CORE 160']]"
ENG 330,[['NAN']]
ENG 332,[['ENG 330']]
ENG 334,[['ENG 330']]
ENG 336,[['ENG 330']]
ENG 480,[['NAN']]
FIN 310,[['ACC 240']]
FIN 320,"[['ACC 240'], ['BAD 260'], ['ECON 230']]"
FIN 330,[['FIN 320']]
FIN 350,"[['ECON 230'], ['ECON 240'], ['FIN 320']]"
FIN 350A,"[['ECON 230'], ['ECON 240'], ['ECON 300']]"
FIN 350B,"[['ECON 300'], ['FIN 350A']]"
FIN 360,[['NAN']]
FIN 370,[['FIN 320']]
FIN 410,[['FIN 320']]
FIN 420,[['FIN 320']]
FLM 103,[['NAN']]
FLM 112,[['NAN']]
FLM 201,[['NAN']]
FLM 202,[['NAN']]
FLM 251,[['NAN']]
FLM 260,[['NAN']]
FLM 261,[['FLM 260']]
FLM 271,[['NAN']]
FLM 271A,[['NAN']]
FLM 271 I,[['NAN']]
FLM 280,[['NAN']]
FREN 101,[['NAN']]
FREN 102,[['FREN 101']]
FREN 200,[['FREN 102']]
FREN 301,[['FREN 200']]
FREN 302,[['FREN 200']]
FREN 311,[['FREN 200']]
FREN 312,[['FREN 200']]
FREN 313,[['NAN']]
FREN 314,[['NAN']]
FREN 320,[['NAN']]
FREN 330,[['FREN 311']]
FREN 350,"[['FREN 311'], ['FREN 312']]"
FREN 360,[['NAN']]
FREN 370,[['NAN']]
GRD 101,[['NAN']]
GRD 110,[['NAN']]
GRD 121,[['NAN']]
GRD 210,[['NAN']]
GRD 230,[['NAN']]
GRD 231,[['NAN']]
GRD 232,[['NAN']]
GRD 251,[['NAN']]
GRD 310,[['NAN']]
HCA 201,[['NAN']]
HCA 210,[['HCA 201']]
HCA 310,"[['ECON 230'], ['ECON 240'], ['HCA 201']]"
HCA 320,[['HCA 201']]
HCA 421,"[['BAD 260'], ['HCA 201']]"
HCA 490,"[['BAD 260'], ['HCA 201']]"
HIS 150,[['NAN']]
HIS 160,[['NAN']]
HIS 180,[['NAN']]
HIS 190,[['NAN']]
HIS 200,[['NAN']]
HIS 210,[['NAN']]
HIS 220,[['NAN']]
HIS 230,[['NAN']]
HIS 240,[['NAN']]
HIS 270,"[['CORE 150'], ['ENG 275', 'HIS 180']]"
HIS 300,[['NAN']]
HIS 350,[['NAN']]
HIS 360,[['NAN']]
HIS 370,[['NAN']]
HIS 499,[['NAN']]
HMLS 201,[['NAN']]
HMLS 220,[['NAN']]
HMLS 225,[['NAN']]
HMLS 365,[['NAN']]
HMLS 400,[['NAN']]
HON 111,[['ADMISSION TO THE W.E.B DU BOIS GENERAL UNIVERSITY HONORS PROGRAM']]
HON 112,[['ADMISSION TO THE W.E.B DU BOIS GENERAL UNIVERSITY HONORS PROGRAM']]
HON 121,[['ADMISSION TO THE W.E.B DU BOIS GENERAL UNIVERSITY HONORS PROGRAM']]
HON 122,[['ADMISSION TO THE W.E.B DU BOIS GENERAL UNIVERSITY HONORS PROGRAM']]
HON 211,"[['ADMISSION TO THE W.E.B DU BOIS GENERAL UNIVERSITY HONORS PROGRAM'], ['3.0', 'BETTER GRADE POINT AVERAGE']]"
HON 221,"[['ADMISSION TO THE W.E.B DU BOIS GENERAL UNIVERSITY HONORS PROGRAM'], ['3.0', 'BETTER GRADE POINT AVERAGE']]"
HON 222,"[['ADMISSION TO THE W.E.B DU BOIS GENERAL UNIVERSITY HONORS PROGRAM'], ['3.0', 'BETTER GRADE POINT AVERAGE']]"
HON 311,"[['ADMISSION TO THE W.E.B DU BOIS GENERAL UNIVERSITY HONORS PROGRAM'], ['3.0', 'BETTER GRADE POINT AVERAGE']]"
HON 312,"[['ADMISSION TO THE W.E.B DU BOIS GENERAL UNIVERSITY HONORS PROGRAM'], ['3.0', 'BETTER GRADE POINT AVERAGE']]"
HON 321,"[['ADMISSION TO THE W.E.B DU BOIS GENERAL UNIVERSITY HONORS PROGRAM'], ['3.0', 'BETTER GRADE POINT AVERAGE']]"
HON 322,"[['ADMISSION TO THE W.E.B DU BOIS GENERAL UNIVERSITY HONORS PROGRAM'], ['3.0', 'BETTER GRADE POINT AVERAGE']]"
HON 411,"[['ADMISSION TO THE W.E.B DU BOIS GENERAL UNIVERSITY HONORS PROGRAM'], ['3.0', 'BETTER GRADE POINT AVERAGE']]"
HON 412,"[['ADMISSION TO THE W.E.B DU BOIS GENERAL UNIVERSITY HONORS PROGRAM'], ['3.0', 'BETTER GRADE POINT AVERAGE']]"
HON 421,"[['ADMISSION TO THE W.E.B DU BOIS GENERAL UNIVERSITY HONORS PROGRAM'], ['3.0', 'BETTER GRADE POINT AVERAGE']]"
HON 422,"[['ADMISSION TO THE W.E.B DU BOIS GENERAL UNIVERSITY HONORS PROGRAM'], ['3.0', 'BETTER GRADE POINT AVERAGE']]"
HON 497,[['NAN']]
HON 498,[['NAN']]
HSS 170,[['NAN']]
HSS 170L,[['NAN']]
HSS 180,[['NAN']]
HSS 220,[['NAN']]
HSS 229,[['NAN']]
HSS 235,[['NAN']]
HSS 237,[['NAN']]
HSS 238,[['NAN']]
HSS 240,[['INSTRUCTOR PERMISSION']]
HSS 242,[['NAN']]
HSS 250,[['NAN']]
HSS 280,[['CORE 130']]
HSS 290,[['NAN']]
HSS 380,[['NAN']]
HSS 380A,[['NAN']]
IND 101,[['NAN']]
IND 111,[['NAN']]
IND 113,[['NAN']]
IND 205,[['NAN']]
IND 206,[['NAN']]
IND 207,[['NAN']]
IND 311,[['NAN']]
INS 101,[['NAN']]
INS 102,[['NAN']]
INS 103,[['NAN']]
INS 104,[['NAN']]
INS 105,[['NAN']]
INS 106,[['NAN']]
INS 107,[['NAN']]
INS 108,[['NAN']]
INS 109,[['NAN']]
INS 110,[['NAN']]
INS 111,[['NAN']]
INS 112,[['NAN']]
KINS 111,[['NAN']]
KINS 120,[['NAN']]
KINS 120L,[['NAN']]
KINS 122,[['NAN']]
KINS 122L,[['NAN']]
KINS 123,[['NAN']]
KINS 125,[['NAN']]
KINS 125L,[['NAN']]
KINS 132,[['NAN']]
KINS 133,[['NAN']]
KINS 133L,[['NAN']]
KINS 134,[['NAN']]
KINS 243,[['NAN']]
KINS 243L,[['NAN']]
KINS 275,[['NAN']]
KINS 275L,[['NAN']]
KINS 278,[['NAN']]
KINS 320,[['NAN']]
KINS 320L,[['NAN']]
KINS 322,[['NAN']]
KINS 322L,[['NAN']]
KINS 369,[['NAN']]
KINS 369L,[['NAN']]
KINS 370,"[['KINS 132', 'BIOL 221']]"
KINS 375,"[['KINS 132', 'BIOL 101']]"
KINS 381,[['NAN']]
KINS 382,[['NAN']]
KINS 390,[['NAN']]
KINS 391,[['NAN']]
KINS 400,[['NAN']]
KINS 401,[['NAN']]
KINS 407,[['NAN']]
KINS 414,[['NAN']]
KINS 420,[['NAN']]
KINS 425,[['NAN']]
KINS 464,[['NAN']]
KINS 475,[['NAN']]
KINS 478,[['NAN']]
KINS 486,[['NAN']]
MATH 100,[['NAN']]
MATH 101,"[['MATH 100', 'COMPLETION OF HIGH SCHOOL ALGEBRA', 'PASS SCORE ON PLACEMENT TEST']]"
MATH 110,"[['MATH 101', 'COMPLETION OF HIGH SCHOOL ALGEBRA', 'PASS SCORE ON PLACEMENT TEST']]"
MATH 120,"[['MATH 110', 'COMPLETION OF HIGH SCHOOL ALGEBRA'], ['HIGH SCHOOL TRIGONOMETRY', 'PASS SCORE ON PLACEMENT TEST']]"
MATH 121,"[['MATH 110', 'COMPLETION OF HIGH SCHOOL ALGEBRA'], ['HIGH SCHOOL TRIGONOMETRY', 'PASS SCORE ON PLACEMENT TEST']]"
MATH 125,[['MATH 110']]
MATH 130,[['MATH 120']]
MATH 200S,"[['MATH 101', 'CORE 130'], ['AND NOT MATH 220']]"
MATH 202,[['MATH 130']]
MATH 210,[['MATH 130']]
MATH 220,[['MATH 120']]
MATH 240,[['MATH 130']]
MATH 270,[['MATH 130']]
MATH 280,[['NAN']]
MATH 285,[['NAN']]
MATH 320,[['MATH 240']]
MATH 353,[['MATH 240']]
MATH 390,[['NAN']]
MATH 390B,[['NAN']]
MATH 395,[['NAN']]
MATH 398,[['DISCIPLINE COORDINATOR PERMISSION']]
MGT 280,[['NAN']]
MGT 320,[['MGT 280']]
MGT 330,[['BAD 260']]
MGT 340,[['MGT 280']]
MGT 350,[['MGT 280']]
MGT 380,[['NAN']]
MGT 400,[['INSTRUCTOR PERMISSION']]
MGT 405,[['NAN']]
MGT 422,[['BAD 320']]
MKT 300,[['NAN']]
MKT 310,[['NAN']]
MKT 320,[['NAN']]
MKT 330,[['NAN']]
MKT 340,[['NAN']]
MKT 350,[['NAN']]
MKT 360,[['NAN']]
MKT 370,[['NAN']]
MKT 380,[['NAN']]
MKT 400,[['NAN']]
MKT 410,[['NAN']]
MKT 420,[['MKT 300']]
MS 111,[['NAN']]
MS 113,[['NAN']]
MS 151,[['NAN']]
MS 152,[['NAN']]
MS 211,[['NAN']]
MS 212,[['NAN']]
MS 251,[['NAN']]
MS 252,[['NAN']]
MUS 050X,[['NAN']]
MUS 052X,"[['MUS 050X', 'AUDITION']]"
MUS 053X,"[['MUS 052X', 'AUDITION']]"
MUS 054X,"[['MUS 053X', 'AUDITION']]"
MUS 060B,"[['MUS 250B', 'AUDTION']]"
MUS 070X,[['NAN']]
MUS 100,[['NAN']]
MUS 101,[['MUS 100']]
MUS 101L,[['NAN']]
MUS 102,[['NAN']]
MUS 102L,[['NAN']]
MUS 110,"[['AUDITION', 'INSTRUCTOR PERMISSION']]"
MUS 120,"[['MUS 100'], ['CSCI 100']]"
MUS 150A,[['NAN']]
MUS 150B,[['NAN']]
MUS 151,[['AUDITION']]
MUS 152,[['AUDITION']]
MUS 157,[['NAN']]
MUS 158,[['NAN']]
MUS 160A,"[['MUS 060B', ""INSTRUCTOR'S PERMISSION""]]"
MUS 160B,"[['MUS 060B', ""INSTRUCTOR'S PERMISSION""]]"
MUS 161,[['AUDITION']]
MUS 162,[['AUDITION']]
MUS 170A,[['NAN']]
MUS 170B,[['NAN']]
MUS 171,[['VOICE AUDITION']]
MUS 172,[['VOICE AUDITION']]
MUS 200,[['NAN']]
MUS 201,[['MUS 102']]
MUS 202,[['MUS 102']]
MUS 205,[['NAN']]
MUS 206,[['NAN']]
MUS 207,[['NAN']]
MUS 208,[['NAN']]
MUS 225,[['AUDITION']]
MUS 226,[['PERMISSION OF THE DIRECTOR']]
MUS 227,[['NAN']]
MUS 228,[['AUDITION']]
MUS 229,[['AUDITION']]
MUS 250A,"[['MUS 150A'], ['MUS 150B']]"
MUS 250B,"[['MUS 150A'], ['MUS 150B']]"
MUS 251,[['MUS 152']]
MUS 252,[['MUS 152']]
MUS 253,[['MUS 152']]
MUS 254,[['MUS 152']]
MUS 260A,[['MUS 160B']]
MUS 260B,[['MUS 160B']]
MUS 261,[['MUS 162']]
MUS 262,[['MUS 162']]
MUS 263,[['MUS 162']]
MUS 264,[['MUS 162']]
MUS 270A,[['MUS 170B']]
MUS 270B,[['MUS 170B']]
MUS 271,[['MUS 172']]
MUS 272,[['MUS 172']]
MUS 273,[['MUS 172']]
MUS 274,[['MUS 172']]
MUS 281,[['NAN']]
MUS 282,[['NAN']]
MUS 303,[['NAN']]
MUS 305,[['NAN']]
MUS 307,[['NAN']]
MUS 308,[['NAN']]
MUS 313,[['NAN']]
MUS 315,[['NAN']]
MUS 320,[['NAN']]
MUS 323,[['NAN']]
MUS 324,[['NAN']]
MUS 350,[['NAN']]
MUS 351,[['NAN']]
MUS 352,[['N']]
MUS 355,"[['MUS 254'], ['JUNIOR RECITAL']]"
MUS 356,"[['MUS 254'], ['JUNIOR RECITAL']]"
MUS 360,[['NAN']]
MUS 361,[['MUS 262']]
MUS 362,[['MUS 262']]
MUS 365,"[['MUS 254'], ['JUNIOR RECITAL']]"
MUS 366,"[['MUS 254'], ['JUNIOR RECITAL']]"
MUS 370,[['NAN']]
MUS 371,"[['MUS 272'], ['MUS 157', 'MUS 158']]"
MUS 372,"[['MUS 272'], ['MUS 157', 'MUS 158']]"
MUS 375,"[['MUS 274'], ['JUNIOR RECITAL']]"
MUS 376,"[['MUS 274'], ['JUNIOR RECITAL']]"
MUS 381,[['NAN']]
MUS 382,[['NAN']]
MUS 383,[['NAN']]
MUS 384,[['NAN']]
MUS 390,[['NAN']]
MUS 420,[['NAN']]
MUS 430,[['NAN']]
MUS 440,[['NAN']]
MUS 450,[['NAN']]
MUS 451,"[['MUS 352'], ['MINI RECITAL']]"
MUS 452,[['MUS 352']]
MUS 455,"[['MUS 356'], ['SENIOR RECITAL']]"
MUS 456,"[['MUS 356'], ['SENIOR RECITAL']]"
MUS 460,[['NAN']]
MUS 461,"[['MUS 362'], ['MINI RECITAL']]"
MUS 462,"[['MUS 362'], ['MINI RECITAL']]"
MUS 465,"[['MUS 366'], ['SENIOR RECITAL']]"
MUS 466,"[['MUS 366'], ['SENIOR RECITAL']]"
MUS 470,[['NAN']]
MUS 471,"[['MUS 372'], ['SENIOR RECITAL']]"
MUS 472,"[['MUS 372'], ['SENIOR RECITAL']]"
MUS 475,[['MUS 376']]
MUS 476,[['MUS 376']]
MUS 481,[['NAN']]
MUS 482,[['NAN']]
MUS 490,[['NAN']]
NSCI 110,[['NAN']]
NSCI 285,[['NAN']]
NSCI 285L,[['NAN']]
NSCI 286,"[['MATH 110'], ['BIOL 101'], ['BIOL 102']]"
NSCI 290,[['NAN']]
NSCI 291,[['NAN']]
NSCI 292,[['NAN']]
NSCI 293,[['NAN']]
NSCI 323,[['NAN']]
NSCI 323L,[['NAN']]
NSCI 324,"[['NSCI 323'], ['NSCI 323L']]"
NSCI 360,[['MATH 130']]
NSCI 361,[['CHEM 234']]
NSCI 361L,[['NAN']]
NSCI 362,[['NSCI 361']]
NSCI 362L,[['NAN']]
NSCI 390,[['NAN']]
NSCI 390S,[['NAN']]
NSCI 391S,[['NSCI 390S']]
NSCI 392,[['NAN']]
NSCI 393,[['NAN']]
NS 131,[['NAN']]
NS 241,[['NAN']]
PHO 121,[['NAN']]
PHO 351,[['NAN']]
PHYS 110,[['NAN']]
PHYS 117,[['MATH 110']]
PHYS 117L,[['MATH 110']]
PHYS 118,[['PHYS 117']]
PHYS 118L,[['PHYS 117']]
PHYS 130,[['MATH 110']]
PHYS 130L,[['MATH 110']]
PHYS 140,[['PHYS 130']]
PHYS 140L,[['PHYS 130']]
PHYS 232,"[['PHYS 140', 'PHYS 118']]"
PHYS 234,"[['PHYS 140', 'PHYS 118']]"
PHYS 252,"[['PHYS 130', 'PHYS 117'], ['PHYS 140', 'PHYS 118'], ['MATH 120']]"
PHYS 262,"[['PHYS 130', 'PHYS 117'], ['PHYS 140', 'PHYS 118'], ['MATH 120']]"
PHYS 323,[['NAN']]
PHYS 323L,[['NAN']]
PHYS 324,"[['PHYS 323'], ['PHYS 323L']]"
PHYS 330,[['PHYS 130']]
PHYS 340,[['NAN']]
PHYS 341,"[['PHYS 130', 'PHYS 117'], ['PHYS 140', 'PHYS 118'], ['MATH 120']]"
PHYS 351,"[['PHYS 130', 'PHYS 117'], ['PHYS 140', 'PHYS 118'], ['MATH 210']]"
PHYS 359,"[['PHYS 130', 'PHYS 117'], ['PHYS 140', 'PHYS 118'], ['MATH 130']]"
PHYS 381,"[['PHYS 130', 'PHYS 117'], ['PHYS 140', 'PHYS 118'], ['MATH 210']]"
PHYS 382,"[['PHYS 130', 'PHYS 117'], ['PHYS 140', 'PHYS 118'], ['MATH 210']]"
PHYS 430,[['PHYS 330']]
PHYS 441,"[['PHYS 130', 'PHYS 117'], ['PHYS 140', 'PHYS 118'], ['MATH 210']]"
PHYS 451,"[['PHYS 341'], ['MATH 210']]"
PHYS 472,"[['PHYS 130', 'PHYS 117'], ['PHYS 140', 'PHYS 118'], ['MATH 210']]"
PHYS 490,[['NAN']]
PSCI 111,[['NAN']]
PSCI 122,[['NAN']]
PSCI 130,[['NAN']]
PSCI 205,[['NAN']]
PSCI 212,[['NAN']]
PSCI 216,[['NAN']]
PSCI 221,[['NAN']]
PSCI 228,[['NAN']]
PSCI 231,[['NAN']]
PSCI 232,[['NAN']]
PSCI 245,[['NAN']]
PSCI 252,[['NAN']]
PSCI 254,[['NAN']]
PSCI 305,"[['JUNIOR', 'INSTRUCTOR PERMISSION']]"
PSCI 310,[['JUNIOR']]
PSCI 314,[['NAN']]
PSCI 320,[['NAN']]
PSCI 321,[['NAN']]
PSCI 340,[['NAN']]
PSCI 342,[['NAN']]
PSCI 406,[['NAN']]
PSCI 442,[['SENIOR']]
PSY 180,[['NAN']]
PSY 205,[['PSY 180']]
PSY 217,[['PSY 180']]
PSY 221,[['PSY 180']]
PSY 224,"[['PSY 180'], ['HSS 280']]"
PSY 231,[['PSY 180']]
PSY 231H,[['PSY 180']]
PSY 256,[['PSY 180']]
PSY 262,"[['PSY 180'], ['HSS 280']]"
PSY 310,[['PSY 180']]
PSY 341,[['PSY 180']]
PSY 348,[['PSY 180']]
PSY 374,[['PSY 180']]
PSY 380,[['PSY 180']]
PSY 380R,[['PSY 180']]
PSY 450,[['NAN']]
PSY 481,[['SENIOR']]
SOC 100,[['NAN']]
SOC 101,[['NAN']]
SOC 108,[['NAN']]
SOC 115,[['NAN']]
SOC 206,[['NAN']]
SOC 220,[['NAN']]
SOC 245,[['NAN']]
SOC 254,[['NAN']]
SOC 260,[['NAN']]
SOC 282,[['NAN']]
SOC 290,[['NAN']]
SOC 326,"[['SOC 100'], ['CORE 130', 'MATH']]"
SOC 342,[['SOC 100']]
SOC 345,[['SOC 100']]
SOC 347,[['NAN']]
SOC 351,[['NAN']]
SOC 352,[['SOC 100']]
SOC 355,[['NAN']]
SOC 358,[['NAN']]
SOC 360,[['NAN']]
SOC 365,[['NAN']]
SOC 370,[['JUNIOR']]
SOC 373,[['SOC 100']]
SOC 374,[['SOC 100']]
SOC 375,[['NAN']]
SOC 376,[['SOC 100']]
SOC 380,[['SOC 100']]
SOC 390,[['NAN']]
SOC 499,"[['SOC 100'], ['HSS 280'], ['SOC 374']]"
SOC 499M,"[['SOC 100'], ['SOC 374']]"
SOJ 100,[['NAN']]
SPAN 101,[['NAN']]
SPAN 102,[['NAN']]
SPAN 200,[['SPAN 101']]
SPAN 300,[['SPAN 102']]
SPAN 310,[['SPAN 200']]
SPAN 311,[['SPAN 200']]
SPAN 312,[['SPAN 200']]
SPAN 313,[['SPAN 311']]
SPAN 314,[['SPAN 312']]
SPAN 320,[['SPAN 313']]
SPAN 330,[['SPAN 200']]
SPAN 340,[['INSTRUCTOR PERMISSION']]
SPAN 350,[['SPAN 312']]
SPAN 360,[['SPAN 312']]
SPAN 370,[['SPAN 312']]
SPAN 380,[['SPAN 312']]
SPED 210,[['SPAN 312']]
SPED 270,[['NAN']]
SPED 280,[['NAN']]
SPED 310,[['FIELD EXPERIENCE']]
SPED 311,[['FIELD EXPERIENCE']]
SPED 311BL,[['NAN']]
SPED 350,"[['EDUC 250'], ['EDUC 260'], ['SPED 210']]"
SPED 360,[['FIELD EXPERIENCE']]
SPED 400,[['NAN']]
SPED 410,[['FIELD EXPERIENCE']]
SPED 420,[['FIELD EXPERIENCE']]
SPED 480,[['NAN']]
SW 204,"[['COMPLETION OF COURSE REQUIREMENTS'], ['ADMISSION TO THE TEACHER EDUCATION PROGRAM']]"
SW 215,[['NAN']]
SW 230,[['NAN']]
SW 255,[['NAN']]
SW 270,[['NAN']]
SW 360,[['NAN']]
SW 378,[['NAN']]
SW 389,[['SW 255']]
SW 399,[['NAN']]
SW 448,[['NAN']]
SW 485,[['SW 360']]
SW 486,[['NAN']]
,[['NAN']]
